month,activations,churns,new_mrr,churned_mrr,net_new_mrr,ending_mrr,active_at_start,churned_from_opening_base,monthly_churn_rate
2024-01,129,0,4326.0,0.0,4326.0,4326.0,0,0,
2024-02,257,7,8997.0,210.0,8788.0,13114.0,129,3,0.0233
2024-03,327,13,10946.0,419.0,10527.0,23641.0,379,9,0.0237
2024-04,303,19,10719.0,617.0,10102.0,33743.0,693,16,0.0231
2024-05,281,29,9350.0,963.0,8387.0,42130.0,977,25,0.0256
2024-06,260,31,8993.0,1092.0,7901.0,50031.0,1229,28,0.0228
2024-07,287,16,9959.0,521.0,9438.0,59469.0,1458,16,0.011
2024-08,291,32,10009.0,1102.0,8908.0,68376.0,1729,26,0.015
2024-09,299,30,10222.0,961.0,9261.0,77638.0,1988,29,0.0146
2024-10,309,27,11062.0,789.0,10273.0,87911.0,2257,24,0.0106
2024-11,304,24,10718.0,791.0,9927.0,97838.0,2539,21,0.0083
2024-12,272,33,9527.0,1202.0,8325.0,106163.0,2819,31,0.011
2025-01,274,35,9280.0,1261.0,8019.0,114183.0,3058,33,0.0108
2025-02,322,34,11514.0,1237.0,10277.0,124460.0,3297,32,0.0097
2025-03,341,50,12029.0,1622.0,10406.0,134866.0,3585,47,0.0131
2025-04,333,49,11231.0,1619.0,9612.0,144479.0,3876,44,0.0114
2025-05,354,47,14119.0,1773.0,12346.0,156825.0,4160,43,0.0103
2025-06,339,54,12496.0,1949.0,10547.0,167372.0,4467,50,0.0112
2025-07,335,52,12502.0,1653.0,10849.0,178221.0,4752,44,0.0093
2025-08,307,58,10645.0,2131.0,8514.0,186735.0,5035,51,0.0101
2025-09,322,58,11452.0,1989.0,9462.0,196198.0,5284,57,0.0108
2025-10,346,66,12152.0,2465.0,9687.0,205884.0,5548,63,0.0114
2025-11,359,67,12942.0,2189.0,10753.0,216637.0,5828,65,0.0112
2025-12,322,79,11402.0,2742.0,8660.0,225297.0,6120,77,0.0126
2026-01,324,80,11386.0,2649.0,8738.0,234034.0,6363,79,0.0124
2026-02,316,75,11123.0,2729.0,8394.0,242429.0,6607,74,0.0112
2026-03,355,104,12310.0,3628.0,8682.0,251111.0,6848,97,0.0142
2026-04,350,90,11973.0,3213.0,8760.0,259871.0,7099,86,0.0121
2026-05,348,128,12336.0,4402.0,7934.0,267805.0,7359,123,0.0167
2026-06,306,97,10983.0,3090.0,7894.0,275698.0,7579,95,0.0125
2026-07,374,103,13665.0,3657.0,10007.0,285706.0,7788,98,0.0126
2026-08,304,101,11244.0,3407.0,7837.0,293543.0,8059,99,0.0123
