month,orders,type,lower_80,upper_80
2024-01,255.0,Actual,,
2024-02,326.0,Actual,,
2024-03,336.0,Actual,,
2024-04,314.0,Actual,,
2024-05,294.0,Actual,,
2024-06,305.0,Actual,,
2024-07,318.0,Actual,,
2024-08,285.0,Actual,,
2024-09,351.0,Actual,,
2024-10,323.0,Actual,,
2024-11,298.0,Actual,,
2024-12,276.0,Actual,,
2025-01,341.0,Actual,,
2025-02,354.0,Actual,,
2025-03,356.0,Actual,,
2025-04,362.0,Actual,,
2025-05,391.0,Actual,,
2025-06,360.0,Actual,,
2025-07,350.0,Actual,,
2025-08,311.0,Actual,,
2025-09,382.0,Actual,,
2025-10,382.0,Actual,,
2025-11,361.0,Actual,,
2025-12,307.0,Actual,,
2026-01,378.0,Actual,,
2026-02,364.0,Actual,,
2026-03,382.0,Actual,,
2026-04,394.0,Actual,,
2026-05,341.0,Actual,,
2026-06,372.0,Actual,,
2026-07,384.0,Actual,,
2026-08,308.0,Actual,,
2026-09,402.0,Forecast (Holt-Winters),374.0,429.0
2026-10,378.0,Forecast (Holt-Winters),351.0,406.0
2026-11,357.0,Forecast (Holt-Winters),329.0,384.0
2026-12,337.0,Forecast (Holt-Winters),310.0,365.0
2027-01,406.0,Forecast (Holt-Winters),379.0,434.0
2027-02,396.0,Forecast (Holt-Winters),368.0,423.0
