team,quarter,closed_opps,orders,win_rate
Business Development,2024-Q1,81,32,0.395
Business Development,2024-Q2,127,44,0.346
Business Development,2024-Q3,145,50,0.345
Business Development,2024-Q4,145,50,0.345
Business Development,2025-Q1,158,57,0.361
Business Development,2025-Q2,195,72,0.369
Business Development,2025-Q3,175,56,0.32
Business Development,2025-Q4,186,67,0.36
Business Development,2026-Q1,169,45,0.266
Business Development,2026-Q2,212,57,0.269
Business Development,2026-Q3,110,35,0.318
Field North,2024-Q1,235,119,0.506
Field North,2024-Q2,309,144,0.466
Field North,2024-Q3,278,120,0.432
Field North,2024-Q4,234,103,0.44
Field North,2025-Q1,257,112,0.436
Field North,2025-Q2,326,146,0.448
Field North,2025-Q3,290,141,0.486
Field North,2025-Q4,257,116,0.451
Field North,2026-Q1,225,111,0.493
Field North,2026-Q2,297,112,0.377
Field North,2026-Q3,209,90,0.431
Field South,2024-Q1,297,135,0.455
Field South,2024-Q2,395,176,0.446
Field South,2024-Q3,408,168,0.412
Field South,2024-Q4,323,158,0.489
Field South,2025-Q1,378,189,0.5
Field South,2025-Q2,472,195,0.413
Field South,2025-Q3,409,185,0.452
Field South,2025-Q4,371,185,0.499
Field South,2026-Q1,366,154,0.421
Field South,2026-Q2,470,199,0.423
Field South,2026-Q3,313,124,0.396
Telesales Inbound,2024-Q1,1323,539,0.407
Telesales Inbound,2024-Q2,1272,478,0.376
Telesales Inbound,2024-Q3,1362,532,0.391
Telesales Inbound,2024-Q4,1362,510,0.374
Telesales Inbound,2025-Q1,1463,620,0.424
Telesales Inbound,2025-Q2,1531,603,0.394
Telesales Inbound,2025-Q3,1488,582,0.391
Telesales Inbound,2025-Q4,1602,593,0.37
Telesales Inbound,2026-Q1,1753,735,0.419
Telesales Inbound,2026-Q2,1666,667,0.4
Telesales Inbound,2026-Q3,1082,413,0.382
Telesales Outbound,2024-Q1,397,92,0.232
Telesales Outbound,2024-Q2,395,71,0.18
Telesales Outbound,2024-Q3,366,84,0.23
Telesales Outbound,2024-Q4,385,76,0.197
Telesales Outbound,2025-Q1,402,73,0.182
Telesales Outbound,2025-Q2,366,97,0.265
Telesales Outbound,2025-Q3,330,79,0.239
Telesales Outbound,2025-Q4,385,89,0.231
Telesales Outbound,2026-Q1,343,79,0.23
Telesales Outbound,2026-Q2,337,72,0.214
Telesales Outbound,2026-Q3,172,30,0.174
