rep_id,rep_name,team,month,quota_mrr_gbp,ordered_mrr,orders,attainment
R045,Daisy E.,Business Development,2024-01,300.0,0.0,0,0.0
R045,Daisy E.,Business Development,2024-02,300.0,268.5,5,0.895
R045,Daisy E.,Business Development,2024-03,300.0,477.75,6,1.593
R045,Daisy E.,Business Development,2024-04,300.0,130.5,3,0.435
R045,Daisy E.,Business Development,2024-05,300.0,185.25,3,0.618
R045,Daisy E.,Business Development,2024-06,300.0,150.5,3,0.502
R045,Daisy E.,Business Development,2024-07,300.0,232.75,5,0.776
R045,Daisy E.,Business Development,2024-08,300.0,278.0,6,0.927
R045,Daisy E.,Business Development,2024-09,300.0,188.5,3,0.628
R045,Daisy E.,Business Development,2024-10,300.0,488.75,6,1.629
R045,Daisy E.,Business Development,2024-11,300.0,524.25,7,1.748
R045,Daisy E.,Business Development,2024-12,300.0,332.75,3,1.109
R045,Daisy E.,Business Development,2025-01,51.0,487.5,6,9.559
R046,Evie E.,Business Development,2024-01,300.0,61.75,1,0.206
R046,Evie E.,Business Development,2024-02,300.0,553.5,7,1.845
R046,Evie E.,Business Development,2024-03,300.0,520.5,6,1.735
R046,Evie E.,Business Development,2024-04,300.0,294.75,6,0.983
R046,Evie E.,Business Development,2024-05,300.0,461.5,9,1.538
R046,Evie E.,Business Development,2024-06,300.0,653.25,9,2.178
R046,Evie E.,Business Development,2024-07,300.0,332.5,6,1.108
R046,Evie E.,Business Development,2024-08,300.0,508.5,7,1.695
R046,Evie E.,Business Development,2024-09,300.0,515.0,4,1.717
R046,Evie E.,Business Development,2024-10,300.0,529.25,7,1.764
R046,Evie E.,Business Development,2024-11,300.0,264.75,5,0.882
R046,Evie E.,Business Development,2024-12,300.0,493.75,5,1.646
R046,Evie E.,Business Development,2025-01,318.0,546.75,7,1.719
R046,Evie E.,Business Development,2025-02,318.0,738.75,11,2.323
R046,Evie E.,Business Development,2025-03,318.0,545.0,7,1.714
R046,Evie E.,Business Development,2025-04,318.0,1011.5,13,3.181
R046,Evie E.,Business Development,2025-05,318.0,812.75,9,2.556
R046,Evie E.,Business Development,2025-06,318.0,831.5,6,2.615
R046,Evie E.,Business Development,2025-07,318.0,664.25,6,2.089
R046,Evie E.,Business Development,2025-08,318.0,548.75,7,1.726
R046,Evie E.,Business Development,2025-09,318.0,484.25,6,1.523
R046,Evie E.,Business Development,2025-10,318.0,317.0,6,0.997
R046,Evie E.,Business Development,2025-11,318.0,471.5,6,1.483
R046,Evie E.,Business Development,2025-12,318.0,220.0,4,0.692
R046,Evie E.,Business Development,2026-01,345.0,270.75,5,0.785
R046,Evie E.,Business Development,2026-02,345.0,205.75,4,0.596
R046,Evie E.,Business Development,2026-03,345.0,308.0,6,0.893
R046,Evie E.,Business Development,2026-04,345.0,588.25,8,1.705
R046,Evie E.,Business Development,2026-05,345.0,499.0,6,1.446
R046,Evie E.,Business Development,2026-06,345.0,1389.75,12,4.028
R046,Evie E.,Business Development,2026-07,345.0,454.25,9,1.317
R046,Evie E.,Business Development,2026-08,345.0,182.0,3,0.528
R047,Isla T.,Business Development,2024-01,300.0,38.25,1,0.128
R047,Isla T.,Business Development,2024-02,300.0,490.25,6,1.634
R047,Isla T.,Business Development,2024-03,300.0,0.0,0,0.0
R047,Isla T.,Business Development,2024-04,300.0,289.25,5,0.964
R047,Isla T.,Business Development,2024-05,300.0,508.5,3,1.695
R047,Isla T.,Business Development,2024-06,300.0,169.0,3,0.563
R047,Isla T.,Business Development,2024-07,300.0,564.0,7,1.88
R047,Isla T.,Business Development,2024-08,300.0,180.0,4,0.6
R047,Isla T.,Business Development,2024-09,300.0,566.75,8,1.889
R047,Isla T.,Business Development,2024-10,300.0,275.5,6,0.918
R047,Isla T.,Business Development,2024-11,300.0,263.0,5,0.877
R047,Isla T.,Business Development,2024-12,300.0,274.25,6,0.914
R047,Isla T.,Business Development,2025-01,318.0,471.25,6,1.482
R047,Isla T.,Business Development,2025-02,318.0,587.75,8,1.848
R047,Isla T.,Business Development,2025-03,318.0,316.25,3,0.994
R047,Isla T.,Business Development,2025-04,318.0,1073.5,11,3.376
R047,Isla T.,Business Development,2025-05,318.0,647.25,9,2.035
R047,Isla T.,Business Development,2025-06,318.0,667.25,9,2.098
R047,Isla T.,Business Development,2025-07,318.0,565.75,8,1.779
R047,Isla T.,Business Development,2025-08,318.0,510.5,7,1.605
R047,Isla T.,Business Development,2025-09,318.0,483.25,6,1.52
R047,Isla T.,Business Development,2025-10,318.0,762.5,7,2.398
R047,Isla T.,Business Development,2025-11,318.0,502.25,10,1.579
R047,Isla T.,Business Development,2025-12,318.0,420.75,9,1.323
R047,Isla T.,Business Development,2026-01,100.0,527.5,7,5.275
R048,Chloe Q.,Business Development,2025-02,71.0,106.75,2,1.504
R048,Chloe Q.,Business Development,2025-03,159.0,316.25,6,1.989
R048,Chloe Q.,Business Development,2025-04,238.0,407.0,4,1.71
R048,Chloe Q.,Business Development,2025-05,318.0,650.5,6,2.046
R048,Chloe Q.,Business Development,2025-06,318.0,460.25,5,1.447
R048,Chloe Q.,Business Development,2025-07,318.0,326.25,3,1.026
R048,Chloe Q.,Business Development,2025-08,318.0,228.0,4,0.717
R048,Chloe Q.,Business Development,2025-09,318.0,600.5,9,1.888
R048,Chloe Q.,Business Development,2025-10,318.0,832.5,8,2.618
R048,Chloe Q.,Business Development,2025-11,318.0,480.25,7,1.51
R048,Chloe Q.,Business Development,2025-12,318.0,666.25,10,2.095
R048,Chloe Q.,Business Development,2026-01,345.0,231.25,4,0.67
R048,Chloe Q.,Business Development,2026-02,345.0,497.25,7,1.441
R048,Chloe Q.,Business Development,2026-03,345.0,340.75,7,0.988
R048,Chloe Q.,Business Development,2026-04,345.0,498.25,6,1.444
R048,Chloe Q.,Business Development,2026-05,345.0,575.5,7,1.668
R048,Chloe Q.,Business Development,2026-06,345.0,100.0,2,0.29
R048,Chloe Q.,Business Development,2026-07,345.0,655.25,5,1.899
R048,Chloe Q.,Business Development,2026-08,345.0,784.25,8,2.273
R049,Chloe X.,Business Development,2026-02,40.0,0.0,0,0.0
R049,Chloe X.,Business Development,2026-03,172.0,100.0,2,0.581
R049,Chloe X.,Business Development,2026-04,259.0,581.75,8,2.246
R049,Chloe X.,Business Development,2026-05,345.0,164.25,4,0.476
R049,Chloe X.,Business Development,2026-06,345.0,191.0,4,0.554
R049,Chloe X.,Business Development,2026-07,345.0,777.5,8,2.254
R049,Chloe X.,Business Development,2026-08,345.0,93.5,2,0.271
R023,Isla F.,Field North,2024-01,250.0,143.2,5,0.573
R023,Isla F.,Field North,2024-02,250.0,382.95,9,1.532
R023,Isla F.,Field North,2024-03,250.0,170.2,4,0.681
R023,Isla F.,Field North,2024-04,250.0,274.1,9,1.096
R023,Isla F.,Field North,2024-05,250.0,345.2,10,1.381
R023,Isla F.,Field North,2024-06,250.0,411.3,10,1.645
R023,Isla F.,Field North,2024-07,250.0,246.55,8,0.986
R023,Isla F.,Field North,2024-08,250.0,352.95,10,1.412
R023,Isla F.,Field North,2024-09,250.0,227.9,7,0.912
R023,Isla F.,Field North,2024-10,250.0,188.0,6,0.752
R023,Isla F.,Field North,2024-11,250.0,254.3,6,1.017
R023,Isla F.,Field North,2024-12,250.0,300.4,8,1.202
R023,Isla F.,Field North,2025-01,265.0,157.2,5,0.593
R023,Isla F.,Field North,2025-02,265.0,179.2,6,0.676
R023,Isla F.,Field North,2025-03,265.0,409.7,11,1.546
R023,Isla F.,Field North,2025-04,265.0,377.8,11,1.426
R023,Isla F.,Field North,2025-05,265.0,381.0,12,1.438
R023,Isla F.,Field North,2025-06,265.0,254.3,8,0.96
R023,Isla F.,Field North,2025-07,265.0,467.35,14,1.764
R023,Isla F.,Field North,2025-08,265.0,210.5,7,0.794
R023,Isla F.,Field North,2025-09,265.0,219.05,8,0.827
R023,Isla F.,Field North,2025-10,265.0,410.8,13,1.55
R023,Isla F.,Field North,2025-11,265.0,260.65,9,0.984
R023,Isla F.,Field North,2025-12,265.0,246.1,7,0.929
R023,Isla F.,Field North,2026-01,288.0,273.95,7,0.951
R023,Isla F.,Field North,2026-02,288.0,309.9,10,1.076
R023,Isla F.,Field North,2026-03,250.0,177.9,5,0.712
R024,Zara J.,Field North,2024-01,250.0,395.6,11,1.582
R024,Zara J.,Field North,2024-02,250.0,172.0,5,0.688
R024,Zara J.,Field North,2024-03,250.0,342.1,12,1.368
R024,Zara J.,Field North,2024-04,225.0,224.9,7,1.0
R025,Jack O.,Field North,2024-01,250.0,202.4,6,0.81
R025,Jack O.,Field North,2024-02,250.0,303.4,10,1.214
R025,Jack O.,Field North,2024-03,250.0,383.75,10,1.535
R025,Jack O.,Field North,2024-04,250.0,195.4,6,0.782
R025,Jack O.,Field North,2024-05,250.0,411.1,13,1.644
R025,Jack O.,Field North,2024-06,250.0,293.6,9,1.174
R025,Jack O.,Field North,2024-07,250.0,260.0,9,1.04
R025,Jack O.,Field North,2024-08,250.0,228.1,7,0.912
R025,Jack O.,Field North,2024-09,250.0,269.75,9,1.079
R025,Jack O.,Field North,2024-10,250.0,213.4,6,0.854
R025,Jack O.,Field North,2024-11,250.0,178.55,6,0.714
R025,Jack O.,Field North,2024-12,250.0,368.8,10,1.475
R025,Jack O.,Field North,2025-01,265.0,449.05,13,1.695
R025,Jack O.,Field North,2025-02,265.0,332.4,11,1.254
R025,Jack O.,Field North,2025-03,265.0,224.8,7,0.848
R025,Jack O.,Field North,2025-04,265.0,132.20000000000002,4,0.499
R025,Jack O.,Field North,2025-05,265.0,552.65,16,2.085
R025,Jack O.,Field North,2025-06,265.0,396.59999999999997,12,1.497
R025,Jack O.,Field North,2025-07,265.0,238.25,7,0.899
R025,Jack O.,Field North,2025-08,265.0,423.6,13,1.598
R025,Jack O.,Field North,2025-09,265.0,676.5,18,2.553
R025,Jack O.,Field North,2025-10,265.0,176.9,6,0.668
R025,Jack O.,Field North,2025-11,265.0,240.95,7,0.909
R025,Jack O.,Field North,2025-12,265.0,313.55,9,1.183
R025,Jack O.,Field North,2026-01,288.0,294.40000000000003,8,1.022
R025,Jack O.,Field North,2026-02,288.0,315.45,10,1.095
R025,Jack O.,Field North,2026-03,288.0,423.25,14,1.47
R025,Jack O.,Field North,2026-04,163.0,120.30000000000001,3,0.738
R026,Joshua J.,Field North,2024-01,250.0,62.4,2,0.25
R026,Joshua J.,Field North,2024-02,250.0,234.0,8,0.936
R026,Joshua J.,Field North,2024-03,250.0,285.1,10,1.14
R026,Joshua J.,Field North,2024-04,250.0,347.6,11,1.39
R026,Joshua J.,Field North,2024-05,250.0,574.6,18,2.298
R026,Joshua J.,Field North,2024-06,250.0,283.5,8,1.134
R026,Joshua J.,Field North,2024-07,250.0,432.1,12,1.728
R026,Joshua J.,Field North,2024-08,250.0,175.7,6,0.703
R026,Joshua J.,Field North,2024-09,250.0,308.15,11,1.233
R026,Joshua J.,Field North,2024-10,250.0,241.6,7,0.966
R026,Joshua J.,Field North,2024-11,250.0,425.45,13,1.702
R026,Joshua J.,Field North,2024-12,250.0,202.4,6,0.81
R026,Joshua J.,Field North,2025-01,265.0,314.75,10,1.188
R026,Joshua J.,Field North,2025-02,265.0,214.8,7,0.811
R026,Joshua J.,Field North,2025-03,265.0,271.5,7,1.025
R026,Joshua J.,Field North,2025-04,265.0,227.0,7,0.857
R026,Joshua J.,Field North,2025-05,265.0,396.0,13,1.494
R026,Joshua J.,Field North,2025-06,265.0,474.3,14,1.79
R026,Joshua J.,Field North,2025-07,265.0,369.05,12,1.393
R026,Joshua J.,Field North,2025-08,265.0,271.9,8,1.026
R026,Joshua J.,Field North,2025-09,265.0,238.6,7,0.9
R026,Joshua J.,Field North,2025-10,265.0,208.3,8,0.786
R026,Joshua J.,Field North,2025-11,265.0,306.1,9,1.155
R026,Joshua J.,Field North,2025-12,265.0,236.55,8,0.893
R026,Joshua J.,Field North,2026-01,288.0,163.6,5,0.568
R026,Joshua J.,Field North,2026-02,154.0,259.85,8,1.687
R027,Emily N.,Field North,2024-01,250.0,277.0,8,1.108
R027,Emily N.,Field North,2024-02,250.0,296.45,11,1.186
R027,Emily N.,Field North,2024-03,250.0,256.65,8,1.027
R027,Emily N.,Field North,2024-04,250.0,241.0,8,0.964
R027,Emily N.,Field North,2024-05,250.0,376.8,12,1.507
R027,Emily N.,Field North,2024-06,250.0,245.35,7,0.981
R027,Emily N.,Field North,2024-07,250.0,266.55,9,1.066
R027,Emily N.,Field North,2024-08,250.0,159.55,5,0.638
R027,Emily N.,Field North,2024-09,250.0,254.3,8,1.017
R027,Emily N.,Field North,2024-10,250.0,343.3,10,1.373
R027,Emily N.,Field North,2024-11,250.0,108.9,4,0.436
R027,Emily N.,Field North,2024-12,250.0,68.19999999999999,2,0.273
R027,Emily N.,Field North,2025-01,265.0,262.7,8,0.991
R027,Emily N.,Field North,2025-02,265.0,180.4,5,0.681
R027,Emily N.,Field North,2025-03,265.0,120.0,4,0.453
R027,Emily N.,Field North,2025-04,265.0,319.75,9,1.207
R027,Emily N.,Field North,2025-05,265.0,333.8,10,1.26
R027,Emily N.,Field North,2025-06,265.0,375.0,10,1.415
R027,Emily N.,Field North,2025-07,265.0,242.95,8,0.917
R027,Emily N.,Field North,2025-08,265.0,103.4,3,0.39
R027,Emily N.,Field North,2025-09,265.0,396.1,12,1.495
R027,Emily N.,Field North,2025-10,265.0,100.45,4,0.379
R027,Emily N.,Field North,2025-11,265.0,275.35,8,1.039
R027,Emily N.,Field North,2025-12,265.0,227.3,7,0.858
R027,Emily N.,Field North,2026-01,288.0,280.4,9,0.974
R027,Emily N.,Field North,2026-02,288.0,145.6,5,0.506
R027,Emily N.,Field North,2026-03,288.0,328.35,10,1.14
R027,Emily N.,Field North,2026-04,288.0,319.55,9,1.11
R027,Emily N.,Field North,2026-05,288.0,297.9,10,1.034
R027,Emily N.,Field North,2026-06,288.0,252.25,8,0.876
R027,Emily N.,Field North,2026-07,288.0,388.0,12,1.347
R027,Emily N.,Field North,2026-08,288.0,143.1,5,0.497
R028,Jack X.,Field North,2024-05,28.0,186.5,5,6.661
R028,Jack X.,Field North,2024-06,125.0,361.09999999999997,11,2.889
R028,Jack X.,Field North,2024-07,188.0,249.45,8,1.327
R028,Jack X.,Field North,2024-08,250.0,252.4,7,1.01
R028,Jack X.,Field North,2024-09,250.0,134.2,4,0.537
R028,Jack X.,Field North,2024-10,250.0,205.2,6,0.821
R028,Jack X.,Field North,2024-11,250.0,122.0,3,0.488
R028,Jack X.,Field North,2024-12,250.0,371.75,10,1.487
R028,Jack X.,Field North,2025-01,265.0,108.0,4,0.408
R028,Jack X.,Field North,2025-02,265.0,191.75,6,0.724
R028,Jack X.,Field North,2025-03,265.0,267.15,8,1.008
R028,Jack X.,Field North,2025-04,265.0,353.5,9,1.334
R028,Jack X.,Field North,2025-05,265.0,322.6,9,1.217
R028,Jack X.,Field North,2025-06,265.0,52.55,2,0.198
R028,Jack X.,Field North,2025-07,265.0,355.6,9,1.342
R028,Jack X.,Field North,2025-08,265.0,234.4,7,0.885
R028,Jack X.,Field North,2025-09,265.0,276.15,8,1.042
R028,Jack X.,Field North,2025-10,265.0,242.85,8,0.916
R028,Jack X.,Field North,2025-11,265.0,321.9,10,1.215
R028,Jack X.,Field North,2025-12,265.0,117.1,3,0.442
R028,Jack X.,Field North,2026-01,288.0,171.75,5,0.596
R028,Jack X.,Field North,2026-02,288.0,228.1,7,0.792
R028,Jack X.,Field North,2026-03,288.0,248.3,8,0.862
R028,Jack X.,Field North,2026-04,288.0,580.45,18,2.015
R028,Jack X.,Field North,2026-05,288.0,287.7,7,0.999
R028,Jack X.,Field North,2026-06,288.0,412.9,12,1.434
R028,Jack X.,Field North,2026-07,288.0,321.2,10,1.115
R028,Jack X.,Field North,2026-08,288.0,249.95,7,0.868
R029,Evie N.,Field North,2026-03,14.0,0.0,0,0.0
R029,Evie N.,Field North,2026-04,144.0,452.05,14,3.139
R029,Evie N.,Field North,2026-05,216.0,197.2,6,0.913
R029,Evie N.,Field North,2026-06,288.0,118.5,3,0.411
R029,Evie N.,Field North,2026-07,288.0,338.4,11,1.175
R029,Evie N.,Field North,2026-08,288.0,372.15,11,1.292
R030,Ruby K.,Field North,2026-05,58.0,191.9,6,3.309
R030,Ruby K.,Field North,2026-06,144.0,165.05,5,1.146
R030,Ruby K.,Field North,2026-07,216.0,348.0,10,1.611
R030,Ruby K.,Field North,2026-08,288.0,153.75,5,0.534
R031,Ethan T.,Field North,2026-05,53.0,205.8,6,3.883
R031,Ethan T.,Field North,2026-06,144.0,166.2,5,1.154
R031,Ethan T.,Field North,2026-07,216.0,263.65,9,1.221
R031,Ethan T.,Field North,2026-08,288.0,332.8,10,1.156
R032,Oscar G.,Field South,2024-01,350.0,314.3,9,0.898
R032,Oscar G.,Field South,2024-02,350.0,403.65,12,1.153
R032,Oscar G.,Field South,2024-03,350.0,519.6,14,1.485
R032,Oscar G.,Field South,2024-04,350.0,360.95,11,1.031
R032,Oscar G.,Field South,2024-05,248.0,430.4,11,1.735
R033,William K.,Field South,2024-01,350.0,310.4,9,0.887
R033,William K.,Field South,2024-02,350.0,257.65,8,0.736
R033,William K.,Field South,2024-03,350.0,376.95,10,1.077
R033,William K.,Field South,2024-04,350.0,331.65,11,0.948
R033,William K.,Field South,2024-05,350.0,403.3,11,1.152
R033,William K.,Field South,2024-06,350.0,784.05,23,2.24
R033,William K.,Field South,2024-07,350.0,519.7,17,1.485
R033,William K.,Field South,2024-08,350.0,296.45,9,0.847
R033,William K.,Field South,2024-09,350.0,403.1,11,1.152
R033,William K.,Field South,2024-10,350.0,267.7,9,0.765
R033,William K.,Field South,2024-11,350.0,342.3,9,0.978
R033,William K.,Field South,2024-12,350.0,318.4,10,0.91
R033,William K.,Field South,2025-01,371.0,353.05,11,0.952
R033,William K.,Field South,2025-02,371.0,302.5,11,0.815
R033,William K.,Field South,2025-03,371.0,389.4,12,1.05
R033,William K.,Field South,2025-04,371.0,326.85,10,0.881
R033,William K.,Field South,2025-05,371.0,528.25,18,1.424
R033,William K.,Field South,2025-06,371.0,433.6,13,1.169
R033,William K.,Field South,2025-07,371.0,597.7,18,1.611
R033,William K.,Field South,2025-08,371.0,196.0,6,0.528
R033,William K.,Field South,2025-09,371.0,391.35,13,1.055
R033,William K.,Field South,2025-10,371.0,400.7,12,1.08
R033,William K.,Field South,2025-11,371.0,580.7,18,1.565
R033,William K.,Field South,2025-12,371.0,323.85,11,0.873
R033,William K.,Field South,2026-01,402.0,414.95,12,1.032
R033,William K.,Field South,2026-02,402.0,468.0,15,1.164
R033,William K.,Field South,2026-03,402.0,316.4,9,0.787
R033,William K.,Field South,2026-04,402.0,424.85,13,1.057
R033,William K.,Field South,2026-05,402.0,151.4,5,0.377
R033,William K.,Field South,2026-06,402.0,582.75,16,1.45
R033,William K.,Field South,2026-07,402.0,973.5,27,2.422
R033,William K.,Field South,2026-08,402.0,585.2,17,1.456
R034,George P.,Field South,2024-01,169.0,148.55,5,0.879
R035,Zara C.,Field South,2024-01,350.0,337.6,10,0.965
R035,Zara C.,Field South,2024-02,350.0,284.45,9,0.813
R035,Zara C.,Field South,2024-03,350.0,422.8,14,1.208
R035,Zara C.,Field South,2024-04,350.0,436.85,14,1.248
R035,Zara C.,Field South,2024-05,350.0,479.4,13,1.37
R035,Zara C.,Field South,2024-06,350.0,549.15,19,1.569
R035,Zara C.,Field South,2024-07,350.0,439.0,13,1.254
R035,Zara C.,Field South,2024-08,350.0,469.15,15,1.34
R035,Zara C.,Field South,2024-09,350.0,535.8,16,1.531
R035,Zara C.,Field South,2024-10,350.0,331.05,9,0.946
R035,Zara C.,Field South,2024-11,350.0,371.9,11,1.063
R035,Zara C.,Field South,2024-12,350.0,305.0,10,0.871
R035,Zara C.,Field South,2025-01,371.0,906.05,25,2.442
R035,Zara C.,Field South,2025-02,371.0,501.3,15,1.351
R035,Zara C.,Field South,2025-03,371.0,669.15,20,1.804
R035,Zara C.,Field South,2025-04,371.0,824.45,23,2.222
R035,Zara C.,Field South,2025-05,371.0,418.1,13,1.127
R035,Zara C.,Field South,2025-06,371.0,345.4,11,0.931
R035,Zara C.,Field South,2025-07,371.0,528.9,17,1.426
R035,Zara C.,Field South,2025-08,371.0,493.5,14,1.33
R035,Zara C.,Field South,2025-09,371.0,456.0,13,1.229
R035,Zara C.,Field South,2025-10,371.0,428.4,12,1.155
R035,Zara C.,Field South,2025-11,371.0,716.0,21,1.93
R035,Zara C.,Field South,2025-12,299.0,297.9,9,0.996
R036,Ruby C.,Field South,2024-01,350.0,362.9,12,1.037
R036,Ruby C.,Field South,2024-02,350.0,241.45,8,0.69
R036,Ruby C.,Field South,2024-03,350.0,211.85,6,0.605
R036,Ruby C.,Field South,2024-04,350.0,364.7,10,1.042
R036,Ruby C.,Field South,2024-05,350.0,213.8,8,0.611
R036,Ruby C.,Field South,2024-06,350.0,280.9,9,0.803
R036,Ruby C.,Field South,2024-07,350.0,359.2,12,1.026
R036,Ruby C.,Field South,2024-08,350.0,253.1,8,0.723
R036,Ruby C.,Field South,2024-09,350.0,356.9,12,1.02
R036,Ruby C.,Field South,2024-10,350.0,335.8,11,0.959
R036,Ruby C.,Field South,2024-11,350.0,481.2,14,1.375
R036,Ruby C.,Field South,2024-12,350.0,202.3,6,0.578
R036,Ruby C.,Field South,2025-01,120.0,92.8,3,0.773
R037,Daniel R.,Field South,2024-02,60.0,95.15,3,1.586
R037,Daniel R.,Field South,2024-03,175.0,197.20000000000002,6,1.127
R037,Daniel R.,Field South,2024-04,262.0,365.0,10,1.393
R037,Daniel R.,Field South,2024-05,350.0,428.0,13,1.223
R037,Daniel R.,Field South,2024-06,350.0,367.3,12,1.049
R037,Daniel R.,Field South,2024-07,350.0,189.75,7,0.542
R037,Daniel R.,Field South,2024-08,350.0,303.6,8,0.867
R037,Daniel R.,Field South,2024-09,350.0,440.25,15,1.258
R037,Daniel R.,Field South,2024-10,350.0,429.35,13,1.227
R037,Daniel R.,Field South,2024-11,350.0,516.15,15,1.475
R037,Daniel R.,Field South,2024-12,350.0,412.5,12,1.179
R037,Daniel R.,Field South,2025-01,371.0,440.6,12,1.188
R037,Daniel R.,Field South,2025-02,371.0,432.0,12,1.164
R037,Daniel R.,Field South,2025-03,371.0,267.1,8,0.72
R037,Daniel R.,Field South,2025-04,371.0,531.3,16,1.432
R037,Daniel R.,Field South,2025-05,371.0,513.25,16,1.383
R037,Daniel R.,Field South,2025-06,371.0,547.65,15,1.476
R037,Daniel R.,Field South,2025-07,371.0,350.05,12,0.944
R037,Daniel R.,Field South,2025-08,371.0,320.6,10,0.864
R037,Daniel R.,Field South,2025-09,371.0,463.0,13,1.248
R037,Daniel R.,Field South,2025-10,371.0,431.0,13,1.162
R037,Daniel R.,Field South,2025-11,371.0,451.0,12,1.216
R037,Daniel R.,Field South,2025-12,371.0,370.8,12,0.999
R037,Daniel R.,Field South,2026-01,402.0,329.05,10,0.819
R037,Daniel R.,Field South,2026-02,402.0,293.15,10,0.729
R037,Daniel R.,Field South,2026-03,402.0,548.4,17,1.364
R037,Daniel R.,Field South,2026-04,402.0,641.6,19,1.596
R037,Daniel R.,Field South,2026-05,402.0,552.4,16,1.374
R037,Daniel R.,Field South,2026-06,402.0,477.15,14,1.187
R037,Daniel R.,Field South,2026-07,117.0,152.55,5,1.304
R038,Harry T.,Field South,2024-06,23.0,30.4,1,1.322
R038,Harry T.,Field South,2024-07,175.0,307.3,9,1.756
R038,Harry T.,Field South,2024-08,262.0,161.85,5,0.618
R038,Harry T.,Field South,2024-09,350.0,355.6,11,1.016
R038,Harry T.,Field South,2024-10,350.0,403.1,13,1.152
R038,Harry T.,Field South,2024-11,350.0,270.3,9,0.772
R038,Harry T.,Field South,2024-12,350.0,204.15,7,0.583
R038,Harry T.,Field South,2025-01,371.0,609.55,17,1.643
R038,Harry T.,Field South,2025-02,371.0,365.55,12,0.985
R038,Harry T.,Field South,2025-03,275.0,94.9,3,0.345
R039,Daniel V.,Field South,2025-01,3.0,0.0,0,0.0
R039,Daniel V.,Field South,2025-02,186.0,533.75,17,2.87
R039,Daniel V.,Field South,2025-03,278.0,413.6,11,1.488
R039,Daniel V.,Field South,2025-04,371.0,448.15,15,1.208
R039,Daniel V.,Field South,2025-05,371.0,450.1,13,1.213
R039,Daniel V.,Field South,2025-06,371.0,537.25,16,1.448
R039,Daniel V.,Field South,2025-07,371.0,328.1,10,0.884
R039,Daniel V.,Field South,2025-08,371.0,536.6,16,1.446
R039,Daniel V.,Field South,2025-09,371.0,377.7,12,1.018
R039,Daniel V.,Field South,2025-10,371.0,254.55,8,0.686
R039,Daniel V.,Field South,2025-11,371.0,342.8,11,0.924
R039,Daniel V.,Field South,2025-12,371.0,491.85,15,1.326
R039,Daniel V.,Field South,2026-01,402.0,669.15,19,1.665
R039,Daniel V.,Field South,2026-02,402.0,497.2,15,1.237
R039,Daniel V.,Field South,2026-03,402.0,466.65,14,1.161
R039,Daniel V.,Field South,2026-04,402.0,612.2,18,1.523
R039,Daniel V.,Field South,2026-05,402.0,566.75,16,1.41
R039,Daniel V.,Field South,2026-06,402.0,602.0,15,1.498
R039,Daniel V.,Field South,2026-07,402.0,366.8,10,0.912
R039,Daniel V.,Field South,2026-08,402.0,339.45,9,0.844
R040,Isla E.,Field South,2025-04,34.0,96.0,3,2.824
R040,Isla E.,Field South,2025-05,186.0,162.6,5,0.874
R040,Isla E.,Field South,2025-06,278.0,276.4,8,0.994
R040,Isla E.,Field South,2025-07,371.0,228.3,7,0.615
R040,Isla E.,Field South,2025-08,371.0,323.8,11,0.873
R040,Isla E.,Field South,2025-09,371.0,405.4,13,1.093
R040,Isla E.,Field South,2025-10,371.0,470.1,15,1.267
R040,Isla E.,Field South,2025-11,371.0,486.5,13,1.311
R040,Isla E.,Field South,2025-12,263.0,65.0,3,0.247
R041,Charlie X.,Field South,2026-01,16.0,0.0,0,0.0
R041,Charlie X.,Field South,2026-02,201.0,198.25,7,0.986
R041,Charlie X.,Field South,2026-03,263.0,66.25,3,0.252
R042,Ava T.,Field South,2026-01,52.0,93.8,3,1.804
R042,Ava T.,Field South,2026-02,201.0,296.7,11,1.476
R042,Ava T.,Field South,2026-03,302.0,306.8,9,1.016
R042,Ava T.,Field South,2026-04,402.0,561.8,15,1.398
R042,Ava T.,Field South,2026-05,402.0,487.2,15,1.212
R042,Ava T.,Field South,2026-06,402.0,566.9,16,1.41
R042,Ava T.,Field South,2026-07,402.0,391.8,12,0.975
R042,Ava T.,Field South,2026-08,402.0,309.6,10,0.77
R043,Poppy W.,Field South,2026-04,64.0,153.5,5,2.398
R043,Poppy W.,Field South,2026-05,201.0,274.2,9,1.364
R043,Poppy W.,Field South,2026-06,302.0,223.4,7,0.74
R043,Poppy W.,Field South,2026-07,402.0,565.6,16,1.407
R043,Poppy W.,Field South,2026-08,402.0,293.1,8,0.729
R044,Poppy D.,Field South,2026-08,101.0,371.15,10,3.675
R001,Chloe N.,Telesales Inbound,2024-01,750.0,714.7,21,0.953
R001,Chloe N.,Telesales Inbound,2024-02,750.0,957.3,28,1.276
R001,Chloe N.,Telesales Inbound,2024-03,750.0,630.8,17,0.841
R001,Chloe N.,Telesales Inbound,2024-04,750.0,675.15,20,0.9
R001,Chloe N.,Telesales Inbound,2024-05,750.0,563.9,18,0.752
R001,Chloe N.,Telesales Inbound,2024-06,750.0,374.2,13,0.499
R001,Chloe N.,Telesales Inbound,2024-07,750.0,742.35,21,0.99
R001,Chloe N.,Telesales Inbound,2024-08,750.0,868.85,23,1.158
R001,Chloe N.,Telesales Inbound,2024-09,750.0,1070.75,29,1.428
R001,Chloe N.,Telesales Inbound,2024-10,750.0,812.1,22,1.083
R001,Chloe N.,Telesales Inbound,2024-11,750.0,823.4,24,1.098
R001,Chloe N.,Telesales Inbound,2024-12,750.0,606.05,17,0.808
R001,Chloe N.,Telesales Inbound,2025-01,795.0,494.85,15,0.622
R001,Chloe N.,Telesales Inbound,2025-02,795.0,1037.4,32,1.305
R001,Chloe N.,Telesales Inbound,2025-03,795.0,834.25,24,1.049
R001,Chloe N.,Telesales Inbound,2025-04,795.0,1097.95,29,1.381
R001,Chloe N.,Telesales Inbound,2025-05,795.0,533.35,16,0.671
R001,Chloe N.,Telesales Inbound,2025-06,795.0,815.5,23,1.026
R001,Chloe N.,Telesales Inbound,2025-07,795.0,754.7,21,0.949
R001,Chloe N.,Telesales Inbound,2025-08,795.0,723.95,22,0.911
R001,Chloe N.,Telesales Inbound,2025-09,795.0,1094.9,34,1.377
R001,Chloe N.,Telesales Inbound,2025-10,795.0,977.0,32,1.229
R001,Chloe N.,Telesales Inbound,2025-11,795.0,1008.5,29,1.269
R001,Chloe N.,Telesales Inbound,2025-12,795.0,860.0,27,1.082
R001,Chloe N.,Telesales Inbound,2026-01,862.0,1082.4,35,1.256
R001,Chloe N.,Telesales Inbound,2026-02,862.0,1160.75,36,1.347
R001,Chloe N.,Telesales Inbound,2026-03,862.0,1065.0,32,1.235
R001,Chloe N.,Telesales Inbound,2026-04,862.0,757.0,24,0.878
R001,Chloe N.,Telesales Inbound,2026-05,862.0,648.6,20,0.752
R001,Chloe N.,Telesales Inbound,2026-06,862.0,933.4,27,1.083
R001,Chloe N.,Telesales Inbound,2026-07,862.0,635.6,17,0.737
R001,Chloe N.,Telesales Inbound,2026-08,862.0,512.95,17,0.595
R002,William C.,Telesales Inbound,2024-01,750.0,568.4,17,0.758
R002,William C.,Telesales Inbound,2024-02,750.0,876.35,27,1.168
R002,William C.,Telesales Inbound,2024-03,750.0,1162.1,34,1.549
R002,William C.,Telesales Inbound,2024-04,750.0,829.4,24,1.106
R002,William C.,Telesales Inbound,2024-05,750.0,740.5,22,0.987
R002,William C.,Telesales Inbound,2024-06,750.0,978.35,29,1.304
R002,William C.,Telesales Inbound,2024-07,750.0,702.35,20,0.936
R002,William C.,Telesales Inbound,2024-08,750.0,942.35,28,1.256
R002,William C.,Telesales Inbound,2024-09,25.0,236.25,7,9.45
R003,Thomas F.,Telesales Inbound,2024-01,750.0,692.9,22,0.924
R003,Thomas F.,Telesales Inbound,2024-02,750.0,783.35,23,1.044
R003,Thomas F.,Telesales Inbound,2024-03,750.0,676.85,21,0.902
R003,Thomas F.,Telesales Inbound,2024-04,750.0,1162.65,33,1.55
R003,Thomas F.,Telesales Inbound,2024-05,750.0,736.6,21,0.982
R003,Thomas F.,Telesales Inbound,2024-06,750.0,682.95,22,0.911
R003,Thomas F.,Telesales Inbound,2024-07,750.0,848.25,26,1.131
R003,Thomas F.,Telesales Inbound,2024-08,750.0,757.35,23,1.01
R003,Thomas F.,Telesales Inbound,2024-09,750.0,884.45,28,1.179
R003,Thomas F.,Telesales Inbound,2024-10,750.0,775.0,24,1.033
R003,Thomas F.,Telesales Inbound,2024-11,750.0,643.25,22,0.858
R003,Thomas F.,Telesales Inbound,2024-12,750.0,755.25,23,1.007
R003,Thomas F.,Telesales Inbound,2025-01,795.0,834.1,25,1.049
R003,Thomas F.,Telesales Inbound,2025-02,795.0,1107.3,30,1.393
R003,Thomas F.,Telesales Inbound,2025-03,795.0,969.6,30,1.22
R003,Thomas F.,Telesales Inbound,2025-04,795.0,603.0,18,0.758
R003,Thomas F.,Telesales Inbound,2025-05,795.0,1176.8,33,1.48
R003,Thomas F.,Telesales Inbound,2025-06,795.0,1104.15,33,1.389
R003,Thomas F.,Telesales Inbound,2025-07,795.0,970.25,27,1.22
R003,Thomas F.,Telesales Inbound,2025-08,795.0,949.45,28,1.194
R003,Thomas F.,Telesales Inbound,2025-09,795.0,1230.5,35,1.548
R003,Thomas F.,Telesales Inbound,2025-10,795.0,894.1,30,1.125
R003,Thomas F.,Telesales Inbound,2025-11,795.0,656.55,22,0.826
R003,Thomas F.,Telesales Inbound,2025-12,795.0,880.2,25,1.107
R003,Thomas F.,Telesales Inbound,2026-01,862.0,1248.3,36,1.448
R003,Thomas F.,Telesales Inbound,2026-02,862.0,1178.4,35,1.367
R003,Thomas F.,Telesales Inbound,2026-03,862.0,1129.9,30,1.311
R003,Thomas F.,Telesales Inbound,2026-04,862.0,1168.3,35,1.355
R003,Thomas F.,Telesales Inbound,2026-05,862.0,1352.55,39,1.569
R003,Thomas F.,Telesales Inbound,2026-06,862.0,1040.15,31,1.207
R003,Thomas F.,Telesales Inbound,2026-07,862.0,1179.4,39,1.368
R003,Thomas F.,Telesales Inbound,2026-08,862.0,1002.25,29,1.163
R004,Noah R.,Telesales Inbound,2024-01,750.0,859.1,25,1.145
R004,Noah R.,Telesales Inbound,2024-02,750.0,898.2,28,1.198
R004,Noah R.,Telesales Inbound,2024-03,750.0,395.7,14,0.528
R004,Noah R.,Telesales Inbound,2024-04,750.0,1010.55,30,1.347
R004,Noah R.,Telesales Inbound,2024-05,750.0,462.85,13,0.617
R004,Noah R.,Telesales Inbound,2024-06,750.0,1003.6,30,1.338
R004,Noah R.,Telesales Inbound,2024-07,750.0,806.9,26,1.076
R004,Noah R.,Telesales Inbound,2024-08,750.0,502.3,16,0.67
R004,Noah R.,Telesales Inbound,2024-09,750.0,967.7,29,1.29
R004,Noah R.,Telesales Inbound,2024-10,750.0,1038.05,31,1.384
R004,Noah R.,Telesales Inbound,2024-11,750.0,737.5,22,0.983
R004,Noah R.,Telesales Inbound,2024-12,750.0,610.95,20,0.815
R004,Noah R.,Telesales Inbound,2025-01,795.0,939.9,27,1.182
R004,Noah R.,Telesales Inbound,2025-02,795.0,913.3,28,1.149
R004,Noah R.,Telesales Inbound,2025-03,795.0,834.5,26,1.05
R004,Noah R.,Telesales Inbound,2025-04,795.0,893.85,27,1.124
R004,Noah R.,Telesales Inbound,2025-05,795.0,1032.0,31,1.298
R004,Noah R.,Telesales Inbound,2025-06,795.0,684.2,20,0.861
R004,Noah R.,Telesales Inbound,2025-07,795.0,797.45,25,1.003
R004,Noah R.,Telesales Inbound,2025-08,795.0,798.2,23,1.004
R004,Noah R.,Telesales Inbound,2025-09,795.0,753.1,23,0.947
R004,Noah R.,Telesales Inbound,2025-10,795.0,1184.55,36,1.49
R004,Noah R.,Telesales Inbound,2025-11,795.0,1033.7,28,1.3
R004,Noah R.,Telesales Inbound,2025-12,795.0,1000.8,30,1.259
R004,Noah R.,Telesales Inbound,2026-01,862.0,1007.35,31,1.169
R004,Noah R.,Telesales Inbound,2026-02,862.0,866.55,27,1.005
R004,Noah R.,Telesales Inbound,2026-03,862.0,1119.4,35,1.299
R004,Noah R.,Telesales Inbound,2026-04,862.0,1047.15,31,1.215
R004,Noah R.,Telesales Inbound,2026-05,862.0,608.0,19,0.705
R004,Noah R.,Telesales Inbound,2026-06,862.0,1455.8,41,1.689
R004,Noah R.,Telesales Inbound,2026-07,862.0,939.4,29,1.09
R004,Noah R.,Telesales Inbound,2026-08,862.0,1023.6,30,1.187
R005,Leo D.,Telesales Inbound,2024-01,750.0,841.25,27,1.122
R005,Leo D.,Telesales Inbound,2024-02,750.0,821.5,26,1.095
R005,Leo D.,Telesales Inbound,2024-03,750.0,1065.8,30,1.421
R005,Leo D.,Telesales Inbound,2024-04,25.0,257.2,8,10.288
R006,James E.,Telesales Inbound,2024-01,750.0,647.65,19,0.864
R006,James E.,Telesales Inbound,2024-02,750.0,1006.2,30,1.342
R006,James E.,Telesales Inbound,2024-03,750.0,932.55,27,1.243
R006,James E.,Telesales Inbound,2024-04,750.0,1107.55,36,1.477
R006,James E.,Telesales Inbound,2024-05,750.0,742.15,23,0.99
R006,James E.,Telesales Inbound,2024-06,750.0,689.55,21,0.919
R006,James E.,Telesales Inbound,2024-07,750.0,782.0,23,1.043
R006,James E.,Telesales Inbound,2024-08,750.0,763.05,24,1.017
R006,James E.,Telesales Inbound,2024-09,750.0,1002.5,31,1.337
R006,James E.,Telesales Inbound,2024-10,750.0,910.15,27,1.214
R006,James E.,Telesales Inbound,2024-11,750.0,891.0,26,1.188
R006,James E.,Telesales Inbound,2024-12,750.0,552.0,19,0.736
R006,James E.,Telesales Inbound,2025-01,795.0,1013.35,29,1.275
R006,James E.,Telesales Inbound,2025-02,795.0,797.25,25,1.003
R006,James E.,Telesales Inbound,2025-03,795.0,816.45,26,1.027
R006,James E.,Telesales Inbound,2025-04,795.0,967.75,30,1.217
R006,James E.,Telesales Inbound,2025-05,795.0,839.45,25,1.056
R006,James E.,Telesales Inbound,2025-06,795.0,945.8,25,1.19
R006,James E.,Telesales Inbound,2025-07,795.0,700.45,23,0.881
R006,James E.,Telesales Inbound,2025-08,385.0,489.65,16,1.272
R007,Grace Q.,Telesales Inbound,2024-01,750.0,353.8,11,0.472
R007,Grace Q.,Telesales Inbound,2024-02,750.0,489.75,14,0.653
R007,Grace Q.,Telesales Inbound,2024-03,750.0,679.5,21,0.906
R007,Grace Q.,Telesales Inbound,2024-04,750.0,442.4,14,0.59
R007,Grace Q.,Telesales Inbound,2024-05,750.0,523.55,17,0.698
R007,Grace Q.,Telesales Inbound,2024-06,750.0,530.65,16,0.708
R007,Grace Q.,Telesales Inbound,2024-07,750.0,473.8,13,0.632
R007,Grace Q.,Telesales Inbound,2024-08,750.0,422.5,11,0.563
R007,Grace Q.,Telesales Inbound,2024-09,750.0,718.55,23,0.958
R007,Grace Q.,Telesales Inbound,2024-10,750.0,685.2,21,0.914
R007,Grace Q.,Telesales Inbound,2024-11,750.0,644.3,18,0.859
R007,Grace Q.,Telesales Inbound,2024-12,750.0,439.8,13,0.586
R007,Grace Q.,Telesales Inbound,2025-01,795.0,569.65,19,0.717
R007,Grace Q.,Telesales Inbound,2025-02,795.0,731.95,22,0.921
R007,Grace Q.,Telesales Inbound,2025-03,795.0,1108.5,34,1.394
R007,Grace Q.,Telesales Inbound,2025-04,795.0,514.15,15,0.647
R007,Grace Q.,Telesales Inbound,2025-05,795.0,767.0,24,0.965
R007,Grace Q.,Telesales Inbound,2025-06,795.0,815.3,25,1.026
R007,Grace Q.,Telesales Inbound,2025-07,795.0,594.45,19,0.748
R007,Grace Q.,Telesales Inbound,2025-08,795.0,749.9,22,0.943
R007,Grace Q.,Telesales Inbound,2025-09,795.0,883.3,25,1.111
R007,Grace Q.,Telesales Inbound,2025-10,795.0,972.95,29,1.224
R007,Grace Q.,Telesales Inbound,2025-11,795.0,616.7,18,0.776
R007,Grace Q.,Telesales Inbound,2025-12,795.0,508.9,16,0.64
R007,Grace Q.,Telesales Inbound,2026-01,862.0,939.5,27,1.09
R007,Grace Q.,Telesales Inbound,2026-02,862.0,652.0,19,0.756
R007,Grace Q.,Telesales Inbound,2026-03,862.0,1084.85,32,1.259
R007,Grace Q.,Telesales Inbound,2026-04,862.0,1027.2,28,1.192
R007,Grace Q.,Telesales Inbound,2026-05,862.0,811.0,26,0.941
R007,Grace Q.,Telesales Inbound,2026-06,862.0,664.45,21,0.771
R007,Grace Q.,Telesales Inbound,2026-07,862.0,734.05,21,0.852
R007,Grace Q.,Telesales Inbound,2026-08,862.0,566.9,15,0.658
R008,Noah X.,Telesales Inbound,2024-01,750.0,500.9,15,0.668
R008,Noah X.,Telesales Inbound,2024-02,750.0,533.05,16,0.711
R008,Noah X.,Telesales Inbound,2024-03,750.0,934.5,26,1.246
R008,Noah X.,Telesales Inbound,2024-04,750.0,456.6,13,0.609
R008,Noah X.,Telesales Inbound,2024-05,750.0,310.05,10,0.413
R008,Noah X.,Telesales Inbound,2024-06,750.0,420.55,14,0.561
R008,Noah X.,Telesales Inbound,2024-07,750.0,736.0,23,0.981
R008,Noah X.,Telesales Inbound,2024-08,750.0,695.1,20,0.927
R008,Noah X.,Telesales Inbound,2024-09,750.0,890.35,26,1.187
R008,Noah X.,Telesales Inbound,2024-10,750.0,582.65,18,0.777
R008,Noah X.,Telesales Inbound,2024-11,750.0,650.35,19,0.867
R008,Noah X.,Telesales Inbound,2024-12,750.0,887.45,25,1.183
R008,Noah X.,Telesales Inbound,2025-01,795.0,896.35,27,1.127
R008,Noah X.,Telesales Inbound,2025-02,795.0,679.6,20,0.855
R008,Noah X.,Telesales Inbound,2025-03,795.0,974.15,27,1.225
R008,Noah X.,Telesales Inbound,2025-04,795.0,677.8,20,0.853
R008,Noah X.,Telesales Inbound,2025-05,795.0,740.25,22,0.931
R008,Noah X.,Telesales Inbound,2025-06,795.0,999.55,29,1.257
R008,Noah X.,Telesales Inbound,2025-07,795.0,857.2,22,1.078
R008,Noah X.,Telesales Inbound,2025-08,795.0,1076.9,31,1.355
R008,Noah X.,Telesales Inbound,2025-09,795.0,1123.95,33,1.414
R008,Noah X.,Telesales Inbound,2025-10,795.0,850.55,25,1.07
R008,Noah X.,Telesales Inbound,2025-11,795.0,755.15,21,0.95
R008,Noah X.,Telesales Inbound,2025-12,795.0,511.4,16,0.643
R008,Noah X.,Telesales Inbound,2026-01,862.0,714.6,20,0.829
R008,Noah X.,Telesales Inbound,2026-02,862.0,917.5,27,1.064
R008,Noah X.,Telesales Inbound,2026-03,862.0,738.5,21,0.857
R008,Noah X.,Telesales Inbound,2026-04,862.0,911.3,29,1.057
R008,Noah X.,Telesales Inbound,2026-05,862.0,554.75,17,0.644
R008,Noah X.,Telesales Inbound,2026-06,862.0,708.0,23,0.821
R008,Noah X.,Telesales Inbound,2026-07,862.0,881.0,26,1.022
R008,Noah X.,Telesales Inbound,2026-08,862.0,703.05,22,0.816
R009,Hannah A.,Telesales Inbound,2024-04,25.0,57.0,2,2.28
R009,Hannah A.,Telesales Inbound,2024-05,375.0,559.0,16,1.491
R009,Hannah A.,Telesales Inbound,2024-06,562.0,474.75,13,0.845
R009,Hannah A.,Telesales Inbound,2024-07,750.0,495.55,15,0.661
R009,Hannah A.,Telesales Inbound,2024-08,750.0,518.55,16,0.691
R009,Hannah A.,Telesales Inbound,2024-09,750.0,1040.2,31,1.387
R009,Hannah A.,Telesales Inbound,2024-10,750.0,823.0,26,1.097
R009,Hannah A.,Telesales Inbound,2024-11,750.0,529.65,16,0.706
R009,Hannah A.,Telesales Inbound,2024-12,750.0,500.7,17,0.668
R009,Hannah A.,Telesales Inbound,2025-01,795.0,838.45,25,1.055
R009,Hannah A.,Telesales Inbound,2025-02,795.0,765.55,25,0.963
R009,Hannah A.,Telesales Inbound,2025-03,795.0,548.3,18,0.69
R009,Hannah A.,Telesales Inbound,2025-04,795.0,939.1,30,1.181
R009,Hannah A.,Telesales Inbound,2025-05,795.0,874.65,29,1.1
R009,Hannah A.,Telesales Inbound,2025-06,795.0,813.95,24,1.024
R009,Hannah A.,Telesales Inbound,2025-07,795.0,813.25,26,1.023
R009,Hannah A.,Telesales Inbound,2025-08,77.0,220.55,6,2.864
R010,Noah Q.,Telesales Inbound,2024-09,13.0,0.0,0,0.0
R010,Noah Q.,Telesales Inbound,2024-10,375.0,655.5,20,1.748
R010,Noah Q.,Telesales Inbound,2024-11,562.0,512.7,17,0.912
R010,Noah Q.,Telesales Inbound,2024-12,750.0,807.2,23,1.076
R010,Noah Q.,Telesales Inbound,2025-01,795.0,923.4,27,1.162
R010,Noah Q.,Telesales Inbound,2025-02,795.0,713.65,22,0.898
R010,Noah Q.,Telesales Inbound,2025-03,795.0,1229.0,37,1.546
R010,Noah Q.,Telesales Inbound,2025-04,795.0,848.3,28,1.067
R010,Noah Q.,Telesales Inbound,2025-05,795.0,786.8,23,0.99
R010,Noah Q.,Telesales Inbound,2025-06,795.0,800.5,24,1.007
R010,Noah Q.,Telesales Inbound,2025-07,795.0,953.35,26,1.199
R010,Noah Q.,Telesales Inbound,2025-08,795.0,970.5,30,1.221
R010,Noah Q.,Telesales Inbound,2025-09,795.0,1431.0,43,1.8
R010,Noah Q.,Telesales Inbound,2025-10,795.0,1330.75,39,1.674
R010,Noah Q.,Telesales Inbound,2025-11,795.0,1254.55,38,1.578
R010,Noah Q.,Telesales Inbound,2025-12,795.0,899.85,28,1.132
R010,Noah Q.,Telesales Inbound,2026-01,862.0,1351.35,39,1.568
R010,Noah Q.,Telesales Inbound,2026-02,862.0,1232.15,35,1.429
R010,Noah Q.,Telesales Inbound,2026-03,862.0,1125.3,31,1.305
R010,Noah Q.,Telesales Inbound,2026-04,862.0,952.15,28,1.105
R010,Noah Q.,Telesales Inbound,2026-05,862.0,1346.8,40,1.562
R010,Noah Q.,Telesales Inbound,2026-06,862.0,1180.75,37,1.37
R010,Noah Q.,Telesales Inbound,2026-07,862.0,1487.5,45,1.726
R010,Noah Q.,Telesales Inbound,2026-08,862.0,580.85,19,0.674
R011,Joshua K.,Telesales Inbound,2025-09,113.0,366.55,12,3.244
R011,Joshua K.,Telesales Inbound,2025-10,398.0,625.5,19,1.572
R011,Joshua K.,Telesales Inbound,2025-11,596.0,793.2,25,1.331
R011,Joshua K.,Telesales Inbound,2025-12,795.0,468.8,14,0.59
R011,Joshua K.,Telesales Inbound,2026-01,862.0,1237.7,35,1.436
R011,Joshua K.,Telesales Inbound,2026-02,862.0,1019.3,29,1.182
R011,Joshua K.,Telesales Inbound,2026-03,862.0,1418.25,42,1.645
R011,Joshua K.,Telesales Inbound,2026-04,862.0,769.95,23,0.893
R011,Joshua K.,Telesales Inbound,2026-05,862.0,668.15,21,0.775
R011,Joshua K.,Telesales Inbound,2026-06,862.0,1118.7,32,1.298
R011,Joshua K.,Telesales Inbound,2026-07,862.0,1098.3,31,1.274
R011,Joshua K.,Telesales Inbound,2026-08,862.0,701.05,23,0.813
R012,Jacob Z.,Telesales Inbound,2025-09,133.0,317.85,10,2.39
R012,Jacob Z.,Telesales Inbound,2025-10,398.0,511.7,16,1.286
R012,Jacob Z.,Telesales Inbound,2025-11,596.0,478.2,15,0.802
R012,Jacob Z.,Telesales Inbound,2025-12,795.0,509.45,15,0.641
R012,Jacob Z.,Telesales Inbound,2026-01,862.0,887.65,25,1.03
R012,Jacob Z.,Telesales Inbound,2026-02,862.0,837.9,24,0.972
R012,Jacob Z.,Telesales Inbound,2026-03,862.0,1091.4,32,1.266
R012,Jacob Z.,Telesales Inbound,2026-04,862.0,1121.8,31,1.301
R012,Jacob Z.,Telesales Inbound,2026-05,862.0,855.7,24,0.993
R012,Jacob Z.,Telesales Inbound,2026-06,862.0,616.65,20,0.715
R012,Jacob Z.,Telesales Inbound,2026-07,862.0,757.15,22,0.878
R012,Jacob Z.,Telesales Inbound,2026-08,862.0,880.55,28,1.022
R013,Daniel W.,Telesales Outbound,2024-01,150.0,129.75,4,0.865
R013,Daniel W.,Telesales Outbound,2024-02,150.0,155.0,4,1.033
R013,Daniel W.,Telesales Outbound,2024-03,150.0,222.2,7,1.481
R013,Daniel W.,Telesales Outbound,2024-04,150.0,158.8,4,1.059
R013,Daniel W.,Telesales Outbound,2024-05,150.0,160.15,5,1.068
R013,Daniel W.,Telesales Outbound,2024-06,150.0,133.2,4,0.888
R013,Daniel W.,Telesales Outbound,2024-07,150.0,176.7,5,1.178
R013,Daniel W.,Telesales Outbound,2024-08,150.0,130.6,4,0.871
R013,Daniel W.,Telesales Outbound,2024-09,15.0,30.4,1,2.027
R014,Henry L.,Telesales Outbound,2024-01,150.0,232.0,6,1.547
R014,Henry L.,Telesales Outbound,2024-02,150.0,357.15,12,2.381
R014,Henry L.,Telesales Outbound,2024-03,150.0,348.95,11,2.326
R014,Henry L.,Telesales Outbound,2024-04,150.0,245.3,9,1.635
R014,Henry L.,Telesales Outbound,2024-05,150.0,95.8,3,0.639
R014,Henry L.,Telesales Outbound,2024-06,150.0,165.3,5,1.102
R014,Henry L.,Telesales Outbound,2024-07,150.0,261.9,8,1.746
R014,Henry L.,Telesales Outbound,2024-08,150.0,223.4,7,1.489
R014,Henry L.,Telesales Outbound,2024-09,150.0,279.1,8,1.861
R014,Henry L.,Telesales Outbound,2024-10,150.0,249.1,8,1.661
R014,Henry L.,Telesales Outbound,2024-11,150.0,177.7,6,1.185
R014,Henry L.,Telesales Outbound,2024-12,150.0,165.3,5,1.102
R014,Henry L.,Telesales Outbound,2025-01,159.0,153.85,6,0.968
R014,Henry L.,Telesales Outbound,2025-02,159.0,188.1,6,1.183
R014,Henry L.,Telesales Outbound,2025-03,159.0,280.7,8,1.765
R014,Henry L.,Telesales Outbound,2025-04,159.0,193.15,6,1.215
R014,Henry L.,Telesales Outbound,2025-05,159.0,152.95,6,0.962
R014,Henry L.,Telesales Outbound,2025-06,159.0,200.25,7,1.259
R014,Henry L.,Telesales Outbound,2025-07,159.0,201.5,5,1.267
R014,Henry L.,Telesales Outbound,2025-08,159.0,197.05,7,1.239
R014,Henry L.,Telesales Outbound,2025-09,159.0,130.0,4,0.818
R014,Henry L.,Telesales Outbound,2025-10,159.0,151.6,6,0.953
R014,Henry L.,Telesales Outbound,2025-11,159.0,152.7,4,0.96
R014,Henry L.,Telesales Outbound,2025-12,128.0,107.65,4,0.841
R015,Joshua U.,Telesales Outbound,2024-01,150.0,78.15,3,0.521
R015,Joshua U.,Telesales Outbound,2024-02,150.0,139.95,5,0.933
R015,Joshua U.,Telesales Outbound,2024-03,150.0,110.19999999999999,3,0.735
R015,Joshua U.,Telesales Outbound,2024-04,150.0,115.3,4,0.769
R015,Joshua U.,Telesales Outbound,2024-05,150.0,133.8,4,0.892
R015,Joshua U.,Telesales Outbound,2024-06,150.0,90.4,2,0.603
R015,Joshua U.,Telesales Outbound,2024-07,58.0,112.4,4,1.938
R016,Samuel B.,Telesales Outbound,2024-01,150.0,82.4,3,0.549
R016,Samuel B.,Telesales Outbound,2024-02,150.0,197.55,7,1.317
R016,Samuel B.,Telesales Outbound,2024-03,150.0,488.05,15,3.254
R016,Samuel B.,Telesales Outbound,2024-04,150.0,121.85,4,0.812
R016,Samuel B.,Telesales Outbound,2024-05,150.0,252.0,7,1.68
R016,Samuel B.,Telesales Outbound,2024-06,150.0,134.3,4,0.895
R016,Samuel B.,Telesales Outbound,2024-07,150.0,191.04999999999998,6,1.274
R016,Samuel B.,Telesales Outbound,2024-08,150.0,286.8,7,1.912
R016,Samuel B.,Telesales Outbound,2024-09,150.0,255.5,7,1.703
R016,Samuel B.,Telesales Outbound,2024-10,150.0,132.4,5,0.883
R016,Samuel B.,Telesales Outbound,2024-11,150.0,255.29999999999998,8,1.702
R016,Samuel B.,Telesales Outbound,2024-12,150.0,104.4,3,0.696
R016,Samuel B.,Telesales Outbound,2025-01,159.0,201.25,6,1.266
R016,Samuel B.,Telesales Outbound,2025-02,159.0,296.75,9,1.866
R016,Samuel B.,Telesales Outbound,2025-03,159.0,313.9,8,1.974
R016,Samuel B.,Telesales Outbound,2025-04,159.0,204.6,5,1.287
R016,Samuel B.,Telesales Outbound,2025-05,159.0,125.3,4,0.788
R016,Samuel B.,Telesales Outbound,2025-06,159.0,255.15,7,1.605
R016,Samuel B.,Telesales Outbound,2025-07,159.0,272.75,8,1.715
R016,Samuel B.,Telesales Outbound,2025-08,159.0,64.0,2,0.403
R016,Samuel B.,Telesales Outbound,2025-09,159.0,281.05,9,1.768
R016,Samuel B.,Telesales Outbound,2025-10,159.0,275.8,10,1.735
R016,Samuel B.,Telesales Outbound,2025-11,159.0,180.1,6,1.133
R016,Samuel B.,Telesales Outbound,2025-12,159.0,101.2,3,0.636
R016,Samuel B.,Telesales Outbound,2026-01,172.0,266.6,10,1.55
R016,Samuel B.,Telesales Outbound,2026-02,172.0,74.0,2,0.43
R016,Samuel B.,Telesales Outbound,2026-03,172.0,119.05,4,0.692
R016,Samuel B.,Telesales Outbound,2026-04,172.0,250.45,7,1.456
R016,Samuel B.,Telesales Outbound,2026-05,172.0,82.6,3,0.48
R016,Samuel B.,Telesales Outbound,2026-06,172.0,104.5,4,0.608
R016,Samuel B.,Telesales Outbound,2026-07,172.0,51.65,2,0.3
R016,Samuel B.,Telesales Outbound,2026-08,172.0,141.0,5,0.82
R017,Samuel O.,Telesales Outbound,2024-01,106.0,89.95,3,0.849
R018,Henry K.,Telesales Outbound,2024-02,31.0,153.6,5,4.955
R018,Henry K.,Telesales Outbound,2024-03,75.0,102.95,4,1.373
R018,Henry K.,Telesales Outbound,2024-04,112.0,59.9,2,0.535
R018,Henry K.,Telesales Outbound,2024-05,150.0,150.4,6,1.003
R018,Henry K.,Telesales Outbound,2024-06,150.0,265.85,8,1.772
R018,Henry K.,Telesales Outbound,2024-07,150.0,223.6,6,1.491
R018,Henry K.,Telesales Outbound,2024-08,150.0,217.0,7,1.447
R018,Henry K.,Telesales Outbound,2024-09,150.0,85.4,3,0.569
R018,Henry K.,Telesales Outbound,2024-10,150.0,266.95,7,1.78
R018,Henry K.,Telesales Outbound,2024-11,150.0,178.85,6,1.192
R018,Henry K.,Telesales Outbound,2024-12,150.0,245.45,8,1.636
R018,Henry K.,Telesales Outbound,2025-01,159.0,107.05,4,0.673
R018,Henry K.,Telesales Outbound,2025-02,159.0,197.95,6,1.245
R018,Henry K.,Telesales Outbound,2025-03,159.0,68.75,3,0.432
R018,Henry K.,Telesales Outbound,2025-04,159.0,128.25,5,0.807
R018,Henry K.,Telesales Outbound,2025-05,159.0,196.6,6,1.236
R018,Henry K.,Telesales Outbound,2025-06,159.0,0.0,0,0.0
R018,Henry K.,Telesales Outbound,2025-07,159.0,252.95,7,1.591
R018,Henry K.,Telesales Outbound,2025-08,159.0,103.5,4,0.651
R018,Henry K.,Telesales Outbound,2025-09,159.0,132.7,4,0.835
R018,Henry K.,Telesales Outbound,2025-10,159.0,222.4,7,1.399
R018,Henry K.,Telesales Outbound,2025-11,159.0,178.1,6,1.12
R018,Henry K.,Telesales Outbound,2025-12,159.0,176.1,6,1.108
R018,Henry K.,Telesales Outbound,2026-01,172.0,218.75,7,1.272
R018,Henry K.,Telesales Outbound,2026-02,172.0,99.8,3,0.58
R018,Henry K.,Telesales Outbound,2026-03,172.0,328.15,11,1.908
R018,Henry K.,Telesales Outbound,2026-04,172.0,213.0,7,1.238
R018,Henry K.,Telesales Outbound,2026-05,172.0,240.25,8,1.397
R018,Henry K.,Telesales Outbound,2026-06,172.0,126.65,5,0.736
R018,Henry K.,Telesales Outbound,2026-07,172.0,28.8,1,0.167
R018,Henry K.,Telesales Outbound,2026-08,172.0,99.15,4,0.576
R019,Ava W.,Telesales Outbound,2024-07,6.0,0.0,0,0.0
R019,Ava W.,Telesales Outbound,2024-08,75.0,57.6,2,0.768
R019,Ava W.,Telesales Outbound,2024-09,90.0,212.05,8,2.356
R020,Hannah Z.,Telesales Outbound,2024-10,11.0,0.0,0,0.0
R020,Hannah Z.,Telesales Outbound,2024-11,75.0,105.5,3,1.407
R020,Hannah Z.,Telesales Outbound,2024-12,112.0,213.95,6,1.91
R020,Hannah Z.,Telesales Outbound,2025-01,159.0,90.75,3,0.571
R020,Hannah Z.,Telesales Outbound,2025-02,159.0,74.0,2,0.465
R020,Hannah Z.,Telesales Outbound,2025-03,159.0,61.15,2,0.385
R020,Hannah Z.,Telesales Outbound,2025-04,159.0,354.35,11,2.229
R020,Hannah Z.,Telesales Outbound,2025-05,159.0,418.85,12,2.634
R020,Hannah Z.,Telesales Outbound,2025-06,159.0,203.45,7,1.28
R020,Hannah Z.,Telesales Outbound,2025-07,159.0,237.05,6,1.491
R020,Hannah Z.,Telesales Outbound,2025-08,159.0,142.9,6,0.899
R020,Hannah Z.,Telesales Outbound,2025-09,159.0,259.7,8,1.633
R020,Hannah Z.,Telesales Outbound,2025-10,159.0,362.25,10,2.278
R020,Hannah Z.,Telesales Outbound,2025-11,159.0,66.1,2,0.416
R020,Hannah Z.,Telesales Outbound,2025-12,159.0,196.95,6,1.239
R020,Hannah Z.,Telesales Outbound,2026-01,172.0,205.6,6,1.195
R020,Hannah Z.,Telesales Outbound,2026-02,172.0,173.3,6,1.008
R020,Hannah Z.,Telesales Outbound,2026-03,172.0,160.7,5,0.934
R020,Hannah Z.,Telesales Outbound,2026-04,172.0,351.2,10,2.042
R020,Hannah Z.,Telesales Outbound,2026-05,172.0,179.04999999999998,6,1.041
R020,Hannah Z.,Telesales Outbound,2026-06,172.0,155.2,5,0.902
R020,Hannah Z.,Telesales Outbound,2026-07,172.0,104.2,4,0.606
R020,Hannah Z.,Telesales Outbound,2026-08,172.0,171.2,6,0.995
R021,Ella Z.,Telesales Outbound,2024-09,14.0,30.4,1,2.171
R021,Ella Z.,Telesales Outbound,2024-10,75.0,104.8,3,1.397
R021,Ella Z.,Telesales Outbound,2024-11,112.0,175.5,4,1.567
R021,Ella Z.,Telesales Outbound,2024-12,150.0,54.15,2,0.361
R021,Ella Z.,Telesales Outbound,2025-01,159.0,21.25,1,0.134
R021,Ella Z.,Telesales Outbound,2025-02,159.0,75.95,3,0.478
R021,Ella Z.,Telesales Outbound,2025-03,159.0,194.8,6,1.225
R021,Ella Z.,Telesales Outbound,2025-04,159.0,95.9,3,0.603
R021,Ella Z.,Telesales Outbound,2025-05,159.0,363.05,11,2.283
R021,Ella Z.,Telesales Outbound,2025-06,159.0,208.3,7,1.31
R021,Ella Z.,Telesales Outbound,2025-07,159.0,112.35,4,0.707
R021,Ella Z.,Telesales Outbound,2025-08,159.0,30.4,1,0.191
R021,Ella Z.,Telesales Outbound,2025-09,159.0,99.15,4,0.624
R021,Ella Z.,Telesales Outbound,2025-10,159.0,89.1,3,0.56
R021,Ella Z.,Telesales Outbound,2025-11,159.0,230.55,6,1.45
R021,Ella Z.,Telesales Outbound,2025-12,159.0,316.1,10,1.988
R021,Ella Z.,Telesales Outbound,2026-01,172.0,365.85,12,2.127
R021,Ella Z.,Telesales Outbound,2026-02,172.0,141.15,5,0.821
R021,Ella Z.,Telesales Outbound,2026-03,172.0,84.8,3,0.493
R021,Ella Z.,Telesales Outbound,2026-04,172.0,70.05,3,0.407
R021,Ella Z.,Telesales Outbound,2026-05,172.0,138.95,5,0.808
R021,Ella Z.,Telesales Outbound,2026-06,172.0,116.9,4,0.68
R021,Ella Z.,Telesales Outbound,2026-07,172.0,43.75,2,0.254
R021,Ella Z.,Telesales Outbound,2026-08,172.0,21.25,1,0.124
R022,Noah R.,Telesales Outbound,2026-01,13.0,0.0,0,0.0
R022,Noah R.,Telesales Outbound,2026-02,86.0,121.6,4,1.414
R022,Noah R.,Telesales Outbound,2026-03,129.0,0.0,0,0.0
R022,Noah R.,Telesales Outbound,2026-04,172.0,55.4,2,0.322
R022,Noah R.,Telesales Outbound,2026-05,172.0,0.0,0,0.0
R022,Noah R.,Telesales Outbound,2026-06,172.0,94.05,3,0.547
R022,Noah R.,Telesales Outbound,2026-07,172.0,23.75,1,0.138
R022,Noah R.,Telesales Outbound,2026-08,172.0,128.65,4,0.748
