month,active_at_start,churned_from_opening_base,monthly_churn_rate
2024-01,0,0,
2024-02,129,3,0.0233
2024-03,379,9,0.0237
2024-04,693,16,0.0231
2024-05,977,25,0.0256
2024-06,1229,28,0.0228
2024-07,1458,16,0.011
2024-08,1729,26,0.015
2024-09,1988,29,0.0146
2024-10,2257,24,0.0106
2024-11,2539,21,0.0083
2024-12,2819,31,0.011
2025-01,3058,33,0.0108
2025-02,3297,32,0.0097
2025-03,3585,47,0.0131
2025-04,3876,44,0.0114
2025-05,4160,43,0.0103
2025-06,4467,50,0.0112
2025-07,4752,44,0.0093
2025-08,5035,51,0.0101
2025-09,5284,57,0.0108
2025-10,5548,63,0.0114
2025-11,5828,65,0.0112
2025-12,6120,77,0.0126
2026-01,6363,79,0.0124
2026-02,6607,74,0.0112
2026-03,6848,97,0.0142
2026-04,7099,86,0.0121
2026-05,7359,123,0.0167
2026-06,7579,95,0.0125
2026-07,7788,98,0.0126
2026-08,8059,99,0.0123
