rep_id,month,quota_mrr_gbp
R001,2024-01,750.0
R001,2024-02,750.0
R001,2024-03,750.0
R001,2024-04,750.0
R001,2024-05,750.0
R001,2024-06,750.0
R001,2024-07,750.0
R001,2024-08,750.0
R001,2024-09,750.0
R001,2024-10,750.0
R001,2024-11,750.0
R001,2024-12,750.0
R001,2025-01,795.0
R001,2025-02,795.0
R001,2025-03,795.0
R001,2025-04,795.0
R001,2025-05,795.0
R001,2025-06,795.0
R001,2025-07,795.0
R001,2025-08,795.0
R001,2025-09,795.0
R001,2025-10,795.0
R001,2025-11,795.0
R001,2025-12,795.0
R001,2026-01,862.0
R001,2026-02,862.0
R001,2026-03,862.0
R001,2026-04,862.0
R001,2026-05,862.0
R001,2026-06,862.0
R001,2026-07,862.0
R001,2026-08,862.0
R002,2024-01,750.0
R002,2024-02,750.0
R002,2024-03,750.0
R002,2024-04,750.0
R002,2024-05,750.0
R002,2024-06,750.0
R002,2024-07,750.0
R002,2024-08,750.0
R002,2024-09,25.0
R003,2024-01,750.0
R003,2024-02,750.0
R003,2024-03,750.0
R003,2024-04,750.0
R003,2024-05,750.0
R003,2024-06,750.0
R003,2024-07,750.0
R003,2024-08,750.0
R003,2024-09,750.0
R003,2024-10,750.0
R003,2024-11,750.0
R003,2024-12,750.0
R003,2025-01,795.0
R003,2025-02,795.0
R003,2025-03,795.0
R003,2025-04,795.0
R003,2025-05,795.0
R003,2025-06,795.0
R003,2025-07,795.0
R003,2025-08,795.0
R003,2025-09,795.0
R003,2025-10,795.0
R003,2025-11,795.0
R003,2025-12,795.0
R003,2026-01,862.0
R003,2026-02,862.0
R003,2026-03,862.0
R003,2026-04,862.0
R003,2026-05,862.0
R003,2026-06,862.0
R003,2026-07,862.0
R003,2026-08,862.0
R004,2024-01,750.0
R004,2024-02,750.0
R004,2024-03,750.0
R004,2024-04,750.0
R004,2024-05,750.0
R004,2024-06,750.0
R004,2024-07,750.0
R004,2024-08,750.0
R004,2024-09,750.0
R004,2024-10,750.0
R004,2024-11,750.0
R004,2024-12,750.0
R004,2025-01,795.0
R004,2025-02,795.0
R004,2025-03,795.0
R004,2025-04,795.0
R004,2025-05,795.0
R004,2025-06,795.0
R004,2025-07,795.0
R004,2025-08,795.0
R004,2025-09,795.0
R004,2025-10,795.0
R004,2025-11,795.0
R004,2025-12,795.0
R004,2026-01,862.0
R004,2026-02,862.0
R004,2026-03,862.0
R004,2026-04,862.0
R004,2026-05,862.0
R004,2026-06,862.0
R004,2026-07,862.0
R004,2026-08,862.0
R005,2024-01,750.0
R005,2024-02,750.0
R005,2024-03,750.0
R005,2024-04,25.0
R006,2024-01,750.0
R006,2024-02,750.0
R006,2024-03,750.0
R006,2024-04,750.0
R006,2024-05,750.0
R006,2024-06,750.0
R006,2024-07,750.0
R006,2024-08,750.0
R006,2024-09,750.0
R006,2024-10,750.0
R006,2024-11,750.0
R006,2024-12,750.0
R006,2025-01,795.0
R006,2025-02,795.0
R006,2025-03,795.0
R006,2025-04,795.0
R006,2025-05,795.0
R006,2025-06,795.0
R006,2025-07,795.0
R006,2025-08,385.0
R007,2024-01,750.0
R007,2024-02,750.0
R007,2024-03,750.0
R007,2024-04,750.0
R007,2024-05,750.0
R007,2024-06,750.0
R007,2024-07,750.0
R007,2024-08,750.0
R007,2024-09,750.0
R007,2024-10,750.0
R007,2024-11,750.0
R007,2024-12,750.0
R007,2025-01,795.0
R007,2025-02,795.0
R007,2025-03,795.0
R007,2025-04,795.0
R007,2025-05,795.0
R007,2025-06,795.0
R007,2025-07,795.0
R007,2025-08,795.0
R007,2025-09,795.0
R007,2025-10,795.0
R007,2025-11,795.0
R007,2025-12,795.0
R007,2026-01,862.0
R007,2026-02,862.0
R007,2026-03,862.0
R007,2026-04,862.0
R007,2026-05,862.0
R007,2026-06,862.0
R007,2026-07,862.0
R007,2026-08,862.0
R008,2024-01,750.0
R008,2024-02,750.0
R008,2024-03,750.0
R008,2024-04,750.0
R008,2024-05,750.0
R008,2024-06,750.0
R008,2024-07,750.0
R008,2024-08,750.0
R008,2024-09,750.0
R008,2024-10,750.0
R008,2024-11,750.0
R008,2024-12,750.0
R008,2025-01,795.0
R008,2025-02,795.0
R008,2025-03,795.0
R008,2025-04,795.0
R008,2025-05,795.0
R008,2025-06,795.0
R008,2025-07,795.0
R008,2025-08,795.0
R008,2025-09,795.0
R008,2025-10,795.0
R008,2025-11,795.0
R008,2025-12,795.0
R008,2026-01,862.0
R008,2026-02,862.0
R008,2026-03,862.0
R008,2026-04,862.0
R008,2026-05,862.0
R008,2026-06,862.0
R008,2026-07,862.0
R008,2026-08,862.0
R009,2024-04,25.0
R009,2024-05,375.0
R009,2024-06,562.0
R009,2024-07,750.0
R009,2024-08,750.0
R009,2024-09,750.0
R009,2024-10,750.0
R009,2024-11,750.0
R009,2024-12,750.0
R009,2025-01,795.0
R009,2025-02,795.0
R009,2025-03,795.0
R009,2025-04,795.0
R009,2025-05,795.0
R009,2025-06,795.0
R009,2025-07,795.0
R009,2025-08,77.0
R010,2024-09,13.0
R010,2024-10,375.0
R010,2024-11,562.0
R010,2024-12,750.0
R010,2025-01,795.0
R010,2025-02,795.0
R010,2025-03,795.0
R010,2025-04,795.0
R010,2025-05,795.0
R010,2025-06,795.0
R010,2025-07,795.0
R010,2025-08,795.0
R010,2025-09,795.0
R010,2025-10,795.0
R010,2025-11,795.0
R010,2025-12,795.0
R010,2026-01,862.0
R010,2026-02,862.0
R010,2026-03,862.0
R010,2026-04,862.0
R010,2026-05,862.0
R010,2026-06,862.0
R010,2026-07,862.0
R010,2026-08,862.0
R011,2025-09,113.0
R011,2025-10,398.0
R011,2025-11,596.0
R011,2025-12,795.0
R011,2026-01,862.0
R011,2026-02,862.0
R011,2026-03,862.0
R011,2026-04,862.0
R011,2026-05,862.0
R011,2026-06,862.0
R011,2026-07,862.0
R011,2026-08,862.0
R012,2025-09,133.0
R012,2025-10,398.0
R012,2025-11,596.0
R012,2025-12,795.0
R012,2026-01,862.0
R012,2026-02,862.0
R012,2026-03,862.0
R012,2026-04,862.0
R012,2026-05,862.0
R012,2026-06,862.0
R012,2026-07,862.0
R012,2026-08,862.0
R013,2024-01,150.0
R013,2024-02,150.0
R013,2024-03,150.0
R013,2024-04,150.0
R013,2024-05,150.0
R013,2024-06,150.0
R013,2024-07,150.0
R013,2024-08,150.0
R013,2024-09,15.0
R014,2024-01,150.0
R014,2024-02,150.0
R014,2024-03,150.0
R014,2024-04,150.0
R014,2024-05,150.0
R014,2024-06,150.0
R014,2024-07,150.0
R014,2024-08,150.0
R014,2024-09,150.0
R014,2024-10,150.0
R014,2024-11,150.0
R014,2024-12,150.0
R014,2025-01,159.0
R014,2025-02,159.0
R014,2025-03,159.0
R014,2025-04,159.0
R014,2025-05,159.0
R014,2025-06,159.0
R014,2025-07,159.0
R014,2025-08,159.0
R014,2025-09,159.0
R014,2025-10,159.0
R014,2025-11,159.0
R014,2025-12,128.0
R015,2024-01,150.0
R015,2024-02,150.0
R015,2024-03,150.0
R015,2024-04,150.0
R015,2024-05,150.0
R015,2024-06,150.0
R015,2024-07,58.0
R016,2024-01,150.0
R016,2024-02,150.0
R016,2024-03,150.0
R016,2024-04,150.0
R016,2024-05,150.0
R016,2024-06,150.0
R016,2024-07,150.0
R016,2024-08,150.0
R016,2024-09,150.0
R016,2024-10,150.0
R016,2024-11,150.0
R016,2024-12,150.0
R016,2025-01,159.0
R016,2025-02,159.0
R016,2025-03,159.0
R016,2025-04,159.0
R016,2025-05,159.0
R016,2025-06,159.0
R016,2025-07,159.0
R016,2025-08,159.0
R016,2025-09,159.0
R016,2025-10,159.0
R016,2025-11,159.0
R016,2025-12,159.0
R016,2026-01,172.0
R016,2026-02,172.0
R016,2026-03,172.0
R016,2026-04,172.0
R016,2026-05,172.0
R016,2026-06,172.0
R016,2026-07,172.0
R016,2026-08,172.0
R017,2024-01,106.0
R018,2024-02,31.0
R018,2024-03,75.0
R018,2024-04,112.0
R018,2024-05,150.0
R018,2024-06,150.0
R018,2024-07,150.0
R018,2024-08,150.0
R018,2024-09,150.0
R018,2024-10,150.0
R018,2024-11,150.0
R018,2024-12,150.0
R018,2025-01,159.0
R018,2025-02,159.0
R018,2025-03,159.0
R018,2025-04,159.0
R018,2025-05,159.0
R018,2025-06,159.0
R018,2025-07,159.0
R018,2025-08,159.0
R018,2025-09,159.0
R018,2025-10,159.0
R018,2025-11,159.0
R018,2025-12,159.0
R018,2026-01,172.0
R018,2026-02,172.0
R018,2026-03,172.0
R018,2026-04,172.0
R018,2026-05,172.0
R018,2026-06,172.0
R018,2026-07,172.0
R018,2026-08,172.0
R019,2024-07,6.0
R019,2024-08,75.0
R019,2024-09,90.0
R020,2024-10,11.0
R020,2024-11,75.0
R020,2024-12,112.0
R020,2025-01,159.0
R020,2025-02,159.0
R020,2025-03,159.0
R020,2025-04,159.0
R020,2025-05,159.0
R020,2025-06,159.0
R020,2025-07,159.0
R020,2025-08,159.0
R020,2025-09,159.0
R020,2025-10,159.0
R020,2025-11,159.0
R020,2025-12,159.0
R020,2026-01,172.0
R020,2026-02,172.0
R020,2026-03,172.0
R020,2026-04,172.0
R020,2026-05,172.0
R020,2026-06,172.0
R020,2026-07,172.0
R020,2026-08,172.0
R021,2024-09,14.0
R021,2024-10,75.0
R021,2024-11,112.0
R021,2024-12,150.0
R021,2025-01,159.0
R021,2025-02,159.0
R021,2025-03,159.0
R021,2025-04,159.0
R021,2025-05,159.0
R021,2025-06,159.0
R021,2025-07,159.0
R021,2025-08,159.0
R021,2025-09,159.0
R021,2025-10,159.0
R021,2025-11,159.0
R021,2025-12,159.0
R021,2026-01,172.0
R021,2026-02,172.0
R021,2026-03,172.0
R021,2026-04,172.0
R021,2026-05,172.0
R021,2026-06,172.0
R021,2026-07,172.0
R021,2026-08,172.0
R022,2026-01,13.0
R022,2026-02,86.0
R022,2026-03,129.0
R022,2026-04,172.0
R022,2026-05,172.0
R022,2026-06,172.0
R022,2026-07,172.0
R022,2026-08,172.0
R023,2024-01,250.0
R023,2024-02,250.0
R023,2024-03,250.0
R023,2024-04,250.0
R023,2024-05,250.0
R023,2024-06,250.0
R023,2024-07,250.0
R023,2024-08,250.0
R023,2024-09,250.0
R023,2024-10,250.0
R023,2024-11,250.0
R023,2024-12,250.0
R023,2025-01,265.0
R023,2025-02,265.0
R023,2025-03,265.0
R023,2025-04,265.0
R023,2025-05,265.0
R023,2025-06,265.0
R023,2025-07,265.0
R023,2025-08,265.0
R023,2025-09,265.0
R023,2025-10,265.0
R023,2025-11,265.0
R023,2025-12,265.0
R023,2026-01,288.0
R023,2026-02,288.0
R023,2026-03,250.0
R024,2024-01,250.0
R024,2024-02,250.0
R024,2024-03,250.0
R024,2024-04,225.0
R025,2024-01,250.0
R025,2024-02,250.0
R025,2024-03,250.0
R025,2024-04,250.0
R025,2024-05,250.0
R025,2024-06,250.0
R025,2024-07,250.0
R025,2024-08,250.0
R025,2024-09,250.0
R025,2024-10,250.0
R025,2024-11,250.0
R025,2024-12,250.0
R025,2025-01,265.0
R025,2025-02,265.0
R025,2025-03,265.0
R025,2025-04,265.0
R025,2025-05,265.0
R025,2025-06,265.0
R025,2025-07,265.0
R025,2025-08,265.0
R025,2025-09,265.0
R025,2025-10,265.0
R025,2025-11,265.0
R025,2025-12,265.0
R025,2026-01,288.0
R025,2026-02,288.0
R025,2026-03,288.0
R025,2026-04,163.0
R026,2024-01,250.0
R026,2024-02,250.0
R026,2024-03,250.0
R026,2024-04,250.0
R026,2024-05,250.0
R026,2024-06,250.0
R026,2024-07,250.0
R026,2024-08,250.0
R026,2024-09,250.0
R026,2024-10,250.0
R026,2024-11,250.0
R026,2024-12,250.0
R026,2025-01,265.0
R026,2025-02,265.0
R026,2025-03,265.0
R026,2025-04,265.0
R026,2025-05,265.0
R026,2025-06,265.0
R026,2025-07,265.0
R026,2025-08,265.0
R026,2025-09,265.0
R026,2025-10,265.0
R026,2025-11,265.0
R026,2025-12,265.0
R026,2026-01,288.0
R026,2026-02,154.0
R027,2024-01,250.0
R027,2024-02,250.0
R027,2024-03,250.0
R027,2024-04,250.0
R027,2024-05,250.0
R027,2024-06,250.0
R027,2024-07,250.0
R027,2024-08,250.0
R027,2024-09,250.0
R027,2024-10,250.0
R027,2024-11,250.0
R027,2024-12,250.0
R027,2025-01,265.0
R027,2025-02,265.0
R027,2025-03,265.0
R027,2025-04,265.0
R027,2025-05,265.0
R027,2025-06,265.0
R027,2025-07,265.0
R027,2025-08,265.0
R027,2025-09,265.0
R027,2025-10,265.0
R027,2025-11,265.0
R027,2025-12,265.0
R027,2026-01,288.0
R027,2026-02,288.0
R027,2026-03,288.0
R027,2026-04,288.0
R027,2026-05,288.0
R027,2026-06,288.0
R027,2026-07,288.0
R027,2026-08,288.0
R028,2024-05,28.0
R028,2024-06,125.0
R028,2024-07,188.0
R028,2024-08,250.0
R028,2024-09,250.0
R028,2024-10,250.0
R028,2024-11,250.0
R028,2024-12,250.0
R028,2025-01,265.0
R028,2025-02,265.0
R028,2025-03,265.0
R028,2025-04,265.0
R028,2025-05,265.0
R028,2025-06,265.0
R028,2025-07,265.0
R028,2025-08,265.0
R028,2025-09,265.0
R028,2025-10,265.0
R028,2025-11,265.0
R028,2025-12,265.0
R028,2026-01,288.0
R028,2026-02,288.0
R028,2026-03,288.0
R028,2026-04,288.0
R028,2026-05,288.0
R028,2026-06,288.0
R028,2026-07,288.0
R028,2026-08,288.0
R029,2026-03,14.0
R029,2026-04,144.0
R029,2026-05,216.0
R029,2026-06,288.0
R029,2026-07,288.0
R029,2026-08,288.0
R030,2026-05,58.0
R030,2026-06,144.0
R030,2026-07,216.0
R030,2026-08,288.0
R031,2026-05,53.0
R031,2026-06,144.0
R031,2026-07,216.0
R031,2026-08,288.0
R032,2024-01,350.0
R032,2024-02,350.0
R032,2024-03,350.0
R032,2024-04,350.0
R032,2024-05,248.0
R033,2024-01,350.0
R033,2024-02,350.0
R033,2024-03,350.0
R033,2024-04,350.0
R033,2024-05,350.0
R033,2024-06,350.0
R033,2024-07,350.0
R033,2024-08,350.0
R033,2024-09,350.0
R033,2024-10,350.0
R033,2024-11,350.0
R033,2024-12,350.0
R033,2025-01,371.0
R033,2025-02,371.0
R033,2025-03,371.0
R033,2025-04,371.0
R033,2025-05,371.0
R033,2025-06,371.0
R033,2025-07,371.0
R033,2025-08,371.0
R033,2025-09,371.0
R033,2025-10,371.0
R033,2025-11,371.0
R033,2025-12,371.0
R033,2026-01,402.0
R033,2026-02,402.0
R033,2026-03,402.0
R033,2026-04,402.0
R033,2026-05,402.0
R033,2026-06,402.0
R033,2026-07,402.0
R033,2026-08,402.0
R034,2024-01,169.0
R035,2024-01,350.0
R035,2024-02,350.0
R035,2024-03,350.0
R035,2024-04,350.0
R035,2024-05,350.0
R035,2024-06,350.0
R035,2024-07,350.0
R035,2024-08,350.0
R035,2024-09,350.0
R035,2024-10,350.0
R035,2024-11,350.0
R035,2024-12,350.0
R035,2025-01,371.0
R035,2025-02,371.0
R035,2025-03,371.0
R035,2025-04,371.0
R035,2025-05,371.0
R035,2025-06,371.0
R035,2025-07,371.0
R035,2025-08,371.0
R035,2025-09,371.0
R035,2025-10,371.0
R035,2025-11,371.0
R035,2025-12,299.0
R036,2024-01,350.0
R036,2024-02,350.0
R036,2024-03,350.0
R036,2024-04,350.0
R036,2024-05,350.0
R036,2024-06,350.0
R036,2024-07,350.0
R036,2024-08,350.0
R036,2024-09,350.0
R036,2024-10,350.0
R036,2024-11,350.0
R036,2024-12,350.0
R036,2025-01,120.0
R037,2024-02,60.0
R037,2024-03,175.0
R037,2024-04,262.0
R037,2024-05,350.0
R037,2024-06,350.0
R037,2024-07,350.0
R037,2024-08,350.0
R037,2024-09,350.0
R037,2024-10,350.0
R037,2024-11,350.0
R037,2024-12,350.0
R037,2025-01,371.0
R037,2025-02,371.0
R037,2025-03,371.0
R037,2025-04,371.0
R037,2025-05,371.0
R037,2025-06,371.0
R037,2025-07,371.0
R037,2025-08,371.0
R037,2025-09,371.0
R037,2025-10,371.0
R037,2025-11,371.0
R037,2025-12,371.0
R037,2026-01,402.0
R037,2026-02,402.0
R037,2026-03,402.0
R037,2026-04,402.0
R037,2026-05,402.0
R037,2026-06,402.0
R037,2026-07,117.0
R038,2024-06,23.0
R038,2024-07,175.0
R038,2024-08,262.0
R038,2024-09,350.0
R038,2024-10,350.0
R038,2024-11,350.0
R038,2024-12,350.0
R038,2025-01,371.0
R038,2025-02,371.0
R038,2025-03,275.0
R039,2025-01,3.0
R039,2025-02,186.0
R039,2025-03,278.0
R039,2025-04,371.0
R039,2025-05,371.0
R039,2025-06,371.0
R039,2025-07,371.0
R039,2025-08,371.0
R039,2025-09,371.0
R039,2025-10,371.0
R039,2025-11,371.0
R039,2025-12,371.0
R039,2026-01,402.0
R039,2026-02,402.0
R039,2026-03,402.0
R039,2026-04,402.0
R039,2026-05,402.0
R039,2026-06,402.0
R039,2026-07,402.0
R039,2026-08,402.0
R040,2025-04,34.0
R040,2025-05,186.0
R040,2025-06,278.0
R040,2025-07,371.0
R040,2025-08,371.0
R040,2025-09,371.0
R040,2025-10,371.0
R040,2025-11,371.0
R040,2025-12,263.0
R041,2026-01,16.0
R041,2026-02,201.0
R041,2026-03,263.0
R042,2026-01,52.0
R042,2026-02,201.0
R042,2026-03,302.0
R042,2026-04,402.0
R042,2026-05,402.0
R042,2026-06,402.0
R042,2026-07,402.0
R042,2026-08,402.0
R043,2026-04,64.0
R043,2026-05,201.0
R043,2026-06,302.0
R043,2026-07,402.0
R043,2026-08,402.0
R044,2026-08,101.0
R045,2024-01,300.0
R045,2024-02,300.0
R045,2024-03,300.0
R045,2024-04,300.0
R045,2024-05,300.0
R045,2024-06,300.0
R045,2024-07,300.0
R045,2024-08,300.0
R045,2024-09,300.0
R045,2024-10,300.0
R045,2024-11,300.0
R045,2024-12,300.0
R045,2025-01,51.0
R046,2024-01,300.0
R046,2024-02,300.0
R046,2024-03,300.0
R046,2024-04,300.0
R046,2024-05,300.0
R046,2024-06,300.0
R046,2024-07,300.0
R046,2024-08,300.0
R046,2024-09,300.0
R046,2024-10,300.0
R046,2024-11,300.0
R046,2024-12,300.0
R046,2025-01,318.0
R046,2025-02,318.0
R046,2025-03,318.0
R046,2025-04,318.0
R046,2025-05,318.0
R046,2025-06,318.0
R046,2025-07,318.0
R046,2025-08,318.0
R046,2025-09,318.0
R046,2025-10,318.0
R046,2025-11,318.0
R046,2025-12,318.0
R046,2026-01,345.0
R046,2026-02,345.0
R046,2026-03,345.0
R046,2026-04,345.0
R046,2026-05,345.0
R046,2026-06,345.0
R046,2026-07,345.0
R046,2026-08,345.0
R047,2024-01,300.0
R047,2024-02,300.0
R047,2024-03,300.0
R047,2024-04,300.0
R047,2024-05,300.0
R047,2024-06,300.0
R047,2024-07,300.0
R047,2024-08,300.0
R047,2024-09,300.0
R047,2024-10,300.0
R047,2024-11,300.0
R047,2024-12,300.0
R047,2025-01,318.0
R047,2025-02,318.0
R047,2025-03,318.0
R047,2025-04,318.0
R047,2025-05,318.0
R047,2025-06,318.0
R047,2025-07,318.0
R047,2025-08,318.0
R047,2025-09,318.0
R047,2025-10,318.0
R047,2025-11,318.0
R047,2025-12,318.0
R047,2026-01,100.0
R048,2025-02,71.0
R048,2025-03,159.0
R048,2025-04,238.0
R048,2025-05,318.0
R048,2025-06,318.0
R048,2025-07,318.0
R048,2025-08,318.0
R048,2025-09,318.0
R048,2025-10,318.0
R048,2025-11,318.0
R048,2025-12,318.0
R048,2026-01,345.0
R048,2026-02,345.0
R048,2026-03,345.0
R048,2026-04,345.0
R048,2026-05,345.0
R048,2026-06,345.0
R048,2026-07,345.0
R048,2026-08,345.0
R049,2026-02,40.0
R049,2026-03,172.0
R049,2026-04,259.0
R049,2026-05,345.0
R049,2026-06,345.0
R049,2026-07,345.0
R049,2026-08,345.0
